month,rank,symbol,base_asset,median_volume_30d,avg_volume_30d,volume_samples
2021-08,1,BTCUSDT,BTC,1639441277.9392958,1991168023.274769,30
2021-08,2,ETHUSDT,ETH,1363285966.1664572,1479114094.945334,30
2021-08,3,BNBUSDT,BNB,423936170.565408,431765851.68252796,30
2021-08,4,DOGEUSDT,DOGE,248837860.251184,305767697.9406432,30
2021-08,5,XRPUSDT,XRP,221411484.896455,259416915.78623217,30
2021-08,6,ADAUSDT,ADA,188964879.15268052,215234578.3470966,30
2021-08,7,ETCUSDT,ETC,93232623.6659465,97118070.47836466,30
2021-08,8,LINKUSDT,LINK,90969516.6905065,114191633.52464274,30
2021-08,9,THETAUSDT,THETA,88763782.0234805,103668348.39773287,30
2021-08,10,LTCUSDT,LTC,66511075.6097818,69075457.07621484,30
2021-08,11,VETUSDT,VET,56342968.097163,66611159.50438877,30
2021-08,12,EURUSDT,EUR,56282747.0447585,59492342.59653226,30
2021-08,13,CHZUSDT,CHZ,47469742.8479355,63071283.55754873,30
2021-08,14,BCHUSDT,BCH,41346553.87421845,46265148.71296282,30
2021-08,15,TRXUSDT,TRX,40084222.1966665,44595970.91906734,30
2021-08,16,COMPUSDT,COMP,32781088.87679355,42316871.97101001,30
2021-08,17,ATOMUSDT,ATOM,31631382.103072003,35509418.7358113,30
2021-08,18,XLMUSDT,XLM,26779356.4890165,31942541.27159513,30
2021-08,19,NEOUSDT,NEO,18298197.702842,27824661.589064233,30
2021-08,20,IOSTUSDT,IOST,12417602.0684345,13144881.935431933,30
2021-08,21,FETUSDT,FET,11725028.221324,13997391.524024634,30
2021-08,22,XTZUSDT,XTZ,11251396.506097,11482726.800351266,30
2021-08,23,ALGOUSDT,ALGO,10773823.4302405,11310288.878186567,30
2021-08,24,IOTAUSDT,IOTA,10359523.101919,11548722.642681833,30
2021-08,25,HBARUSDT,HBAR,9890228.5377225,12973905.3203254,30
2021-09,1,BTCUSDT,BTC,2401197256.274811,2396812612.0439463,30
2021-09,2,ETHUSDT,ETH,1993755569.0762496,2135698097.8910637,30
2021-09,3,ADAUSDT,ADA,751916042.0782205,849973485.2537194,30
2021-09,4,XRPUSDT,XRP,620516163.43484,675014993.3936664,30
2021-09,5,BNBUSDT,BNB,616246393.234164,651281322.3047414,30
2021-09,6,DOGEUSDT,DOGE,590918452.2117136,674044180.8002532,30
2021-09,7,DOTUSDT,DOT,342832580.8746345,392237920.4398908,30
2021-09,8,SOLUSDT,SOL,330845874.2009085,452023039.68695724,30
2021-09,9,LINKUSDT,LINK,161392344.739654,167754524.30178785,30
2021-09,10,VETUSDT,VET,139710130.038108,147058560.69849473,30
2021-09,11,ETCUSDT,ETC,136752123.81167752,170103201.44319075,30
2021-09,12,LTCUSDT,LTC,119468304.392574,124714817.97518574,30
2021-09,13,THETAUSDT,THETA,105725446.9825665,115234904.74822903,30
2021-09,14,CHZUSDT,CHZ,89911694.171087,106572705.34416647,30
2021-09,15,TRXUSDT,TRX,81705707.321551,86684110.23591894,30
2021-09,16,EURUSDT,EUR,69844245.4475625,62417210.18984127,30
2021-09,17,BCHUSDT,BCH,69429258.0002271,73597307.50485657,30
2021-09,18,SUSHIUSDT,SUSHI,61448331.188321,66957927.23902424,30
2021-09,19,ATOMUSDT,ATOM,56845965.935063004,81348933.4210214,30
2021-09,20,SANDUSDT,SAND,53203673.733504,92837322.99168064,30
2021-09,21,XLMUSDT,XLM,48310260.3311645,53088865.29647767,30
2021-09,22,NEOUSDT,NEO,46900218.9585175,50793003.04271493,30
2021-09,23,ALGOUSDT,ALGO,37534763.686282,40574426.557312295,30
2021-09,24,CRVUSDT,CRV,31953931.1296625,32958528.8209785,30
2021-09,25,COMPUSDT,COMP,31438109.56007145,32166957.679136276,30
2021-10,1,BTCUSDT,BTC,2098458299.1708481,2360161519.180118,30
2021-10,2,ETHUSDT,ETH,1563328395.8743687,1869803625.2052372,30
2021-10,3,SOLUSDT,SOL,1026002077.62625,1227187063.645348,30
2021-10,4,ADAUSDT,ADA,558730062.26965,726572198.9405141,30
2021-10,5,BNBUSDT,BNB,512087005.1105005,526783159.5734667,30
2021-10,6,DOTUSDT,DOT,467895475.3442065,570381276.3930414,30
2021-10,7,AVAXUSDT,AVAX,453380211.16445,583817548.6500554,30
2021-10,8,XRPUSDT,XRP,428889848.93625,527135216.91884226,30
2021-10,9,ATOMUSDT,ATOM,254206342.8265,292751642.6682092,30
2021-10,10,DOGEUSDT,DOGE,233572556.2377,277767166.10455567,30
2021-10,11,LINKUSDT,LINK,207636586.7153585,235385132.34508237,30
2021-10,12,ALGOUSDT,ALGO,153225751.3929865,233396451.7554377,30
2021-10,13,LTCUSDT,LTC,128381132.85695,188724206.26802337,30
2021-10,14,TRXUSDT,TRX,122590725.14877,169983326.0547035,30
2021-10,15,XTZUSDT,XTZ,109490962.46360901,138103844.84679717,30
2021-10,16,VETUSDT,VET,106726105.11596149,126624128.02508113,30
2021-10,17,THETAUSDT,THETA,100108057.9455,129312956.05516557,30
2021-10,18,EGLDUSDT,EGLD,82955386.38655001,107167389.6865308,30
2021-10,19,ETCUSDT,ETC,80326381.61205,118920462.64292607,30
2021-10,20,HBARUSDT,HBAR,74475153.9337,89032743.46137077,30
2021-10,21,UNIUSDT,UNI,73837731.223219,94005915.57334979,30
2021-10,22,SUSHIUSDT,SUSHI,69242077.06729999,89470721.27043931,30
2021-10,23,IOSTUSDT,IOST,68141703.065455,88052866.64309652,30
2021-10,24,CRVUSDT,CRV,57077099.929467,60214495.10350173,30
2021-10,25,CHZUSDT,CHZ,54334783.1032,67032611.2112119,30
2021-11,1,BTCUSDT,BTC,2860212962.9133873,2941977854.1913385,30
2021-11,2,ETHUSDT,ETH,1684234422.915533,1769816452.075906,30
2021-11,3,SOLUSDT,SOL,581466206.222,625620170.0406266,30
2021-11,4,BNBUSDT,BNB,514202055.85385,543172857.1159776,30
2021-11,5,DOTUSDT,DOT,444179921.07065,518181306.2426484,30
2021-11,6,XRPUSDT,XRP,432593437.75345004,471504644.353196,30
2021-11,7,DOGEUSDT,DOGE,402783936.0174,747241339.4028672,30
2021-11,8,ADAUSDT,ADA,285621865.23145,322142927.6393206,30
2021-11,9,FILUSDT,FIL,264516710.74855,264678598.17294332,30
2021-11,10,TRXUSDT,TRX,198578302.7627285,205694431.77388105,30
2021-11,11,AVAXUSDT,AVAX,181506961.6804,197235031.81294,30
2021-11,12,LINKUSDT,LINK,152985998.60785002,168783010.59991667,30
2021-11,13,ATOMUSDT,ATOM,117802131.40305,127818043.66412333,30
2021-11,14,LTCUSDT,LTC,112320601.08825,127562920.38633202,30
2021-11,15,VETUSDT,VET,105664430.13904399,114473104.84922867,30
2021-11,16,THETAUSDT,THETA,91156556.28475,106353537.3971893,30
2021-11,17,NEARUSDT,NEAR,83818009.5115,100461250.6322944,30
2021-11,18,ALGOUSDT,ALGO,71608944.9177,89458304.35966666,30
2021-11,19,ETCUSDT,ETC,66101406.61615,84529291.8668409,30
2021-11,20,XLMUSDT,XLM,60391033.6894,72402042.70742334,30
2021-11,21,CHZUSDT,CHZ,55928374.67205,139629917.8880587,30
2021-11,22,CRVUSDT,CRV,53106121.1917,78336488.90250807,30
2021-11,23,UNIUSDT,UNI,52266168.33905,57427133.36010333,30
2021-11,24,XTZUSDT,XTZ,52141644.04435,79960289.24148764,30
2021-11,25,BCHUSDT,BCH,51756715.9547,56648293.47403,30
2021-12,1,BTCUSDT,BTC,2522922318.475935,2601409384.1711473,30
2021-12,2,ETHUSDT,ETH,1811705988.0426557,1891072426.7494528,30
2021-12,3,SANDUSDT,SAND,827427115.5508499,990123174.5034828,30
2021-12,4,BNBUSDT,BNB,706646175.19285,795290983.4088795,30
2021-12,5,MANAUSDT,MANA,592108592.7804501,816265847.3146623,30
2021-12,6,SOLUSDT,SOL,484534565.48915005,510568166.07244694,30
2021-12,7,TRXUSDT,TRX,422544844.888847,417333907.1915673,30
2021-12,8,AVAXUSDT,AVAX,379765353.77639997,432002560.52120674,30
2021-12,9,DOTUSDT,DOT,369253287.97265,452111913.94069713,30
2021-12,10,XRPUSDT,XRP,363821551.13535,460883561.5403417,30
2021-12,11,DOGEUSDT,DOGE,305312472.14849997,334807527.1474181,30
2021-12,12,ADAUSDT,ADA,279076946.6458,363900240.80016065,30
2021-12,13,FILUSDT,FIL,214027299.97815,260094479.94378328,30
2021-12,14,LTCUSDT,LTC,191940338.10045,279996161.88844496,30
2021-12,15,CHZUSDT,CHZ,161729169.97105,182426887.70162335,30
2021-12,16,LINKUSDT,LINK,141546401.44160002,166521299.30980507,30
2021-12,17,VETUSDT,VET,131316180.63395551,172019633.05181473,30
2021-12,18,EGLDUSDT,EGLD,90511846.51285,133422104.99449603,30
2021-12,19,THETAUSDT,THETA,86762397.12805,92597676.55694,30
2021-12,20,ALGOUSDT,ALGO,85584867.10775,135699741.77033386,30
2021-12,21,ATOMUSDT,ATOM,80290465.70594999,87847235.01401,30
2021-12,22,CRVUSDT,CRV,71936565.63535,94504320.2870882,30
2021-12,23,NEARUSDT,NEAR,64302858.17475,73259346.19135334,30
2021-12,24,ETCUSDT,ETC,60909591.5474,96633857.60485667,30
2021-12,25,ROSEUSDT,ROSE,50852564.688126,89593275.96464677,30
2022-01,1,BTCUSDT,BTC,1782681989.9206662,1904915426.94553,30
2022-01,2,ETHUSDT,ETH,1453275071.2898984,1626228079.5915015,30
2022-01,3,BNBUSDT,BNB,450712667.38505,514896993.7118367,30
2022-01,4,SANDUSDT,SAND,331793090.18345,380684516.9494966,30
2022-01,5,SOLUSDT,SOL,313430596.27095,339600541.07915,30
2022-01,6,XRPUSDT,XRP,281574409.34555,323375726.6543078,30
2022-01,7,AVAXUSDT,AVAX,278486392.80655,318137514.3701467,30
2022-01,8,DOTUSDT,DOT,272681457.21145,282500894.13944,30
2022-01,9,ADAUSDT,ADA,214843043.22939998,246176644.2251768,30
2022-01,10,MANAUSDT,MANA,187740117.74194998,217535351.56348667,30
2022-01,11,DOGEUSDT,DOGE,155120202.5755,222582229.91469705,30
2022-01,12,NEARUSDT,NEAR,147058542.272,180743494.56034487,30
2022-01,13,LINKUSDT,LINK,126822604.1394,135292145.2356604,30
2022-01,14,TRXUSDT,TRX,124098944.809783,157491245.57938763,30
2022-01,15,FILUSDT,FIL,123287539.905,162723769.7891008,30
2022-01,16,CRVUSDT,CRV,88635402.9097,100227771.19624333,30
2022-01,17,LTCUSDT,LTC,82980864.6566,101020211.04114881,30
2022-01,18,ATOMUSDT,ATOM,80606859.24329999,105433744.52296333,30
2022-01,19,SUSHIUSDT,SUSHI,66070620.82865,85337029.1164546,30
2022-01,20,ROSEUSDT,ROSE,65339560.4182875,72312149.42446297,30
2022-01,21,EGLDUSDT,EGLD,64558470.299899995,79461143.87474333,30
2022-01,22,VETUSDT,VET,60696449.6873025,68968049.43044694,30
2022-01,23,THETAUSDT,THETA,56062405.954500005,64499235.546896495,30
2022-01,24,ALGOUSDT,ALGO,44038218.6985,60323032.00574999,30
2022-01,25,CHZUSDT,CHZ,36207299.4353,43066768.750663735,30
2022-02,1,BTCUSDT,BTC,1538074228.3578115,1692112483.8962972,30
2022-02,2,ETHUSDT,ETH,1150170555.6012044,1341516558.9811568,30
2022-02,3,BNBUSDT,BNB,378753678.76900005,417254692.6659567,30
2022-02,4,ATOMUSDT,ATOM,254712861.08749998,264587658.44207,30
2022-02,5,SOLUSDT,SOL,238272651.03465003,283523565.7528333,30
2022-02,6,SANDUSDT,SAND,219700588.22114998,226187100.0881,30
2022-02,7,NEARUSDT,NEAR,216639899.40465,227111864.58194032,30
2022-02,8,ADAUSDT,ADA,208331503.154159,270502450.7906949,30
2022-02,9,DOTUSDT,DOT,208150252.71135,233759396.11065626,30
2022-02,10,XRPUSDT,XRP,177161148.00245,193707851.85524413,30
2022-02,11,ROSEUSDT,ROSE,161710491.520415,156334340.10260087,30
2022-02,12,LINKUSDT,LINK,157978715.3995,233058881.664306,30
2022-02,13,AVAXUSDT,AVAX,155875183.42365,159396132.40666,30
2022-02,14,DOGEUSDT,DOGE,150330304.98655,181020414.86753994,30
2022-02,15,TRXUSDT,TRX,109527038.2876325,114654504.9854341,30
2022-02,16,CRVUSDT,CRV,106057016.53040001,119997146.49667004,30
2022-02,17,MANAUSDT,MANA,94909324.32185,118290668.01284,30
2022-02,18,FILUSDT,FIL,73740168.3988,92364377.8558949,30
2022-02,19,LTCUSDT,LTC,63700730.000300005,70161502.28895198,30
2022-02,20,THETAUSDT,THETA,45927804.80205,61485644.132773034,30
2022-02,21,VETUSDT,VET,45397869.670943,52859701.59045093,30
2022-02,22,ALGOUSDT,ALGO,44760999.26675,53184159.30804563,30
2022-02,23,SUSHIUSDT,SUSHI,42469471.99675,49430937.86455953,30
2022-02,24,EGLDUSDT,EGLD,35434460.618499994,40814323.143133834,30
2022-02,25,AAVEUSDT,AAVE,30917133.6985,33103354.507248867,30
2022-03,1,BTCUSDT,BTC,1669171310.432798,1818280015.3424726,30
2022-03,2,ETHUSDT,ETH,1364417709.1480775,1429326694.4599762,30
2022-03,3,XRPUSDT,XRP,325121814.5029,335654927.68940336,30
2022-03,4,BNBUSDT,BNB,263984361.25925,305549792.09581333,30
2022-03,5,SOLUSDT,SOL,250875378.8886,287890015.89642334,30
2022-03,6,AVAXUSDT,AVAX,202530340.85125,219615647.97987333,30
2022-03,7,SANDUSDT,SAND,185271288.32454997,193860903.62578666,30
2022-03,8,DOTUSDT,DOT,154618419.9646,160970091.40720823,30
2022-03,9,ADAUSDT,ADA,148649634.70295,176927338.5934204,30
2022-03,10,MANAUSDT,MANA,143848555.2072,150603081.94049332,30
2022-03,11,ATOMUSDT,ATOM,106679866.68485,108589722.79881333,30
2022-03,12,DOGEUSDT,DOGE,92183493.36265,112381445.26557387,30
2022-03,13,TRXUSDT,TRX,90649856.0911065,98485154.47420157,30
2022-03,14,NEARUSDT,NEAR,81437997.15305,98990058.63095,30
2022-03,15,LINKUSDT,LINK,80088468.995502,85495122.94876413,30
2022-03,16,FILUSDT,FIL,62093056.0017,66104477.755263336,30
2022-03,17,LTCUSDT,LTC,56701387.549,63425040.83427533,30
2022-03,18,ROSEUSDT,ROSE,55849104.1496185,60536600.2832783,30
2022-03,19,THETAUSDT,THETA,48038578.680250004,58899390.986313336,30
2022-03,20,ETCUSDT,ETC,42881955.78875,48363252.601953335,30
2022-03,21,CRVUSDT,CRV,40204714.45145,44224070.01783334,30
2022-03,22,VETUSDT,VET,39459177.824923,43619351.91364847,30
2022-03,23,EGLDUSDT,EGLD,36810891.1028,45031891.15969,30
2022-03,24,ALGOUSDT,ALGO,29324643.5281,30904995.122036833,30
2022-03,25,EURUSDT,EUR,22737512.226099998,23701638.67260333,30
2022-04,1,BTCUSDT,BTC,1919586111.113631,2006870725.3658652,30
2022-04,2,ETHUSDT,ETH,1328096924.5010786,1298102250.2649271,30
2022-04,3,XRPUSDT,XRP,240642279.93199998,249938227.02779666,30
2022-04,4,SOLUSDT,SOL,237201256.8602,281329379.7197867,30
2022-04,5,AVAXUSDT,AVAX,237049435.4143,235881690.03217998,30
2022-04,6,BNBUSDT,BNB,227329960.7618,243698767.28200668,30
2022-04,7,DOTUSDT,DOT,115308600.07115,123193687.60048667,30
2022-04,8,NEARUSDT,NEAR,112635846.18645,118236610.17896667,30
2022-04,9,ADAUSDT,ADA,104567273.42045,148367847.7885433,30
2022-04,10,RUNEUSDT,RUNE,99106935.403,99479657.14585666,30
2022-04,11,SANDUSDT,SAND,93947026.1612,102064040.87397666,30
2022-04,12,ATOMUSDT,ATOM,89703621.3144,99174836.86627667,30
2022-04,13,TRXUSDT,TRX,84808331.5361865,92141014.87458067,30
2022-04,14,LINKUSDT,LINK,67155977.8248,67264745.49,30
2022-04,15,DOGEUSDT,DOGE,66988925.2364,104155292.48631,30
2022-04,16,MANAUSDT,MANA,63657893.978750005,65291778.93079,30
2022-04,17,LTCUSDT,LTC,50395749.38615,52278039.3916,30
2022-04,18,ETCUSDT,ETC,49943673.59235,140603275.71062666,30
2022-04,19,VETUSDT,VET,43341845.648812994,81528100.00368837,30
2022-04,20,EURUSDT,EUR,38579751.940500006,36806822.549987406,30
2022-04,21,EGLDUSDT,EGLD,38417374.467250004,40927651.13499,30
2022-04,22,ROSEUSDT,ROSE,36968526.168286994,36070553.28493781,30
2022-04,23,FILUSDT,FIL,33701668.98405,70843283.9862,30
2022-04,24,GRTUSDT,GRT,28761981.570249997,33169508.07821,30
2022-04,25,CHZUSDT,CHZ,28579167.39205,47022327.37403,30
2022-05,1,BTCUSDT,BTC,1709365019.2623472,1718430355.1928618,30
2022-05,2,ETHUSDT,ETH,1366654280.56228,1322554839.8601239,30
2022-05,3,BNBUSDT,BNB,259385973.76305,254312181.39462334,30
2022-05,4,NEARUSDT,NEAR,253320374.59105,272664246.5878633,30
2022-05,5,SOLUSDT,SOL,227368788.1477,262995612.17209667,30
2022-05,6,DOGEUSDT,DOGE,198738056.45,305040705.7480433,30
2022-05,7,XRPUSDT,XRP,166841689.55445,176825248.41685334,30
2022-05,8,AVAXUSDT,AVAX,125234621.94095,150951244.26574332,30
2022-05,9,ADAUSDT,ADA,102633247.593,103911117.72483666,30
2022-05,10,DOTUSDT,DOT,80714863.1658,93238713.54078667,30
2022-05,11,TRXUSDT,TRX,73902827.805875,98947713.97891733,30
2022-05,12,FILUSDT,FIL,72710310.20594999,72896215.18541333,30
2022-05,13,SANDUSDT,SAND,67858941.69285,70504917.93897668,30
2022-05,14,RUNEUSDT,RUNE,65750963.8938,68088104.86768334,30
2022-05,15,SLPUSDT,SLP,61588384.801465,96839204.73741767,30
2022-05,16,ATOMUSDT,ATOM,57283263.09345,65440842.58935,30
2022-05,17,ETCUSDT,ETC,52229415.58595,69813137.71046,30
2022-05,18,VETUSDT,VET,41974069.1454505,43843493.29752567,30
2022-05,19,KNCUSDT,KNC,41419269.9228695,47023064.552727304,30
2022-05,20,MANAUSDT,MANA,41101252.73125,42931458.83868016,30
2022-05,21,LINKUSDT,LINK,40275274.694800004,41617215.49840244,30
2022-05,22,EURUSDT,EUR,37258347.216766,36949195.623520836,30
2022-05,23,LTCUSDT,LTC,34753951.8977,37336263.797066666,30
2022-05,24,ROSEUSDT,ROSE,33533580.429456003,44493633.40498181,30
2022-05,25,AAVEUSDT,AAVE,29364770.6338,36269160.64293667,30
2022-06,1,BTCUSDT,BTC,1997809626.3984094,2490608303.4860806,30
2022-06,2,ETHUSDT,ETH,1469820529.07939,1767438978.8999007,30
2022-06,3,BNBUSDT,BNB,280894669.28395,363529113.6238077,30
2022-06,4,SOLUSDT,SOL,227789473.27305,268937666.23909193,30
2022-06,5,XRPUSDT,XRP,175483877.77735,216204706.45661974,30
2022-06,6,TRXUSDT,TRX,152981949.36606902,228512199.73544723,30
2022-06,7,AVAXUSDT,AVAX,144965427.74760002,171931927.99489143,30
2022-06,8,ADAUSDT,ADA,121642869.171265,162393277.37268317,30
2022-06,9,DOTUSDT,DOT,97690324.28809151,118753947.69863456,30
2022-06,10,NEARUSDT,NEAR,97428565.8477,143903685.28796333,30
2022-06,11,SHIBUSDT,SHIB,94983149.61372675,133743152.03367014,30
2022-06,12,DOGEUSDT,DOGE,87401991.44205001,116100749.13613684,30
2022-06,13,SANDUSDT,SAND,61976514.0985,79928095.37777667,30
2022-06,14,MANAUSDT,MANA,47600813.600549996,58668138.855960004,30
2022-06,15,ATOMUSDT,ATOM,47128511.430250004,67810686.00060724,30
2022-06,16,LTCUSDT,LTC,43034015.685550004,50684166.24350972,30
2022-06,17,RUNEUSDT,RUNE,42295503.5344,48612078.46861017,30
2022-06,18,EURUSDT,EUR,41824024.483799994,49993078.11325737,30
2022-06,19,LINKUSDT,LINK,40807481.9606,52561966.177977964,30
2022-06,20,FILUSDT,FIL,31660234.871150002,45713147.90883193,30
2022-06,21,VETUSDT,VET,31610517.632678002,43559307.818992764,30
2022-06,22,ETCUSDT,ETC,30523342.2993,37204307.20706026,30
2022-06,23,AAVEUSDT,AAVE,29981092.807099998,33265466.095408235,30
2022-06,24,KNCUSDT,KNC,27592284.78005,32033635.670278933,30
2022-06,25,ROSEUSDT,ROSE,26787507.7265295,27978689.9326195,30
2022-07,1,BTCUSDT,BTC,1882105888.656591,2176346148.754094,30
2022-07,2,ETHUSDT,ETH,1505179842.6098945,1741578602.7564168,30
2022-07,3,SOLUSDT,SOL,208176640.6059,231087823.0899617,30
2022-07,4,BNBUSDT,BNB,167475247.94204998,198725513.41824505,30
2022-07,5,ADAUSDT,ADA,128492187.81552,148793550.01605368,30
2022-07,6,XRPUSDT,XRP,123200541.85535,138098846.19548228,30
2022-07,7,AVAXUSDT,AVAX,83501764.90665,99545156.17306367,30
2022-07,8,TRXUSDT,TRX,79380273.3615295,112386610.01410179,30
2022-07,9,DOGEUSDT,DOGE,67966701.885675,78726409.08822626,30
2022-07,10,SHIBUSDT,SHIB,60528623.132622525,80581878.23947075,30
2022-07,11,LINKUSDT,LINK,59714940.11005,71457324.362925,30
2022-07,12,NEARUSDT,NEAR,50086087.5074,54011073.19639427,30
2022-07,13,DOTUSDT,DOT,48928915.7241,56113527.994441,30
2022-07,14,SANDUSDT,SAND,44188303.6413,47670851.72575667,30
2022-07,15,EURUSDT,EUR,42251224.314005,43971499.968544,30
2022-07,16,LTCUSDT,LTC,31862116.99980525,45084088.05879293,30
2022-07,17,ATOMUSDT,ATOM,29826931.005577497,32722808.840564404,30
2022-07,18,MANAUSDT,MANA,29368211.13135,32222561.910853334,30
2022-07,19,RUNEUSDT,RUNE,27468671.7309,31389929.33586033,30
2022-07,20,EGLDUSDT,EGLD,21782487.5709,25127857.02489267,30
2022-07,21,VETUSDT,VET,20910488.291897997,23548336.509474434,30
2022-07,22,ICPUSDT,ICP,19759875.907250002,26629646.146313332,30
2022-07,23,FILUSDT,FIL,18581587.266000003,19578422.94729,30
2022-07,24,AAVEUSDT,AAVE,16985707.05505,19505785.356183335,30
2022-07,25,BCHUSDT,BCH,16971339.62405425,20639908.758734293,30
2022-08,1,BTCUSDT,BTC,3580405596.6252317,3624286446.0227814,30
2022-08,2,ETHUSDT,ETH,1650608793.5142264,1695495157.6506982,30
2022-08,3,SOLUSDT,SOL,161961054.67145002,177958301.51188666,30
2022-08,4,BNBUSDT,BNB,135235036.87295002,141742201.99277332,30
2022-08,5,ETCUSDT,ETC,96048029.4598,130688977.64493333,30
2022-08,6,ADAUSDT,ADA,91519179.887995,102751028.667372,30
2022-08,7,XRPUSDT,XRP,91515453.5162,95572123.08122,30
2022-08,8,AVAXUSDT,AVAX,81690234.674,82622522.97105,30
2022-08,9,SHIBUSDT,SHIB,58039606.90153746,65361088.71921707,30
2022-08,10,SANDUSDT,SAND,45417876.1879,47783600.80138,30
2022-08,11,DOGEUSDT,DOGE,44584153.038055,49632305.294229336,30
2022-08,12,DOTUSDT,DOT,44326850.430354506,55754028.12361696,30
2022-08,13,ATOMUSDT,ATOM,41995904.455615,44392048.57119433,30
2022-08,14,EURUSDT,EUR,41226797.351454005,39781249.9556046,30
2022-08,15,NEARUSDT,NEAR,40621682.6027,47590592.42784,30
2022-08,16,TRXUSDT,TRX,40260712.125167,42471201.83231953,30
2022-08,17,RUNEUSDT,RUNE,39671904.30575,46810624.25407667,30
2022-08,18,LINKUSDT,LINK,39452902.580695,42838717.377957,30
2022-08,19,UNIUSDT,UNI,31787045.2464,31361986.20534,30
2022-08,20,LTCUSDT,LTC,27050001.017145,28315210.608324666,30
2022-08,21,AAVEUSDT,AAVE,23688988.9907,26691438.411956668,30
2022-08,22,MANAUSDT,MANA,22847629.23405,24505010.937333334,30
2022-08,23,FILUSDT,FIL,21216545.7379,53429138.56216667,30
2022-08,24,CRVUSDT,CRV,17892792.336000003,19498158.498056665,30
2022-08,25,ICPUSDT,ICP,15540633.22955,19154670.411766667,30
2022-09,1,BTCUSDT,BTC,4062244030.948818,4173043341.147438,30
2022-09,2,ETHUSDT,ETH,1371900148.256567,1414762569.4682083,30
2022-09,3,ETCUSDT,ETC,148357990.77185,159381120.5707467,30
2022-09,4,SOLUSDT,SOL,134951192.35075,142316147.16450998,30
2022-09,5,BNBUSDT,BNB,133763072.70030001,152608199.87048,30
2022-09,6,CHZUSDT,CHZ,79822261.83199999,79733596.54761668,30
2022-09,7,ADAUSDT,ADA,72453090.014025,80855507.167421,30
2022-09,8,XRPUSDT,XRP,70076567.00119999,75288231.14973,30
2022-09,9,AVAXUSDT,AVAX,63480257.7178,72140699.77564,30
2022-09,10,NEARUSDT,NEAR,60096685.85095,66887496.51951,30
2022-09,11,SHIBUSDT,SHIB,59923011.51660552,118966787.19466153,30
2022-09,12,DOGEUSDT,DOGE,57629740.6995,79679761.97789866,30
2022-09,13,FILUSDT,FIL,45294485.914749995,50856344.71797667,30
2022-09,14,DOTUSDT,DOT,43814484.8724,49132288.009283334,30
2022-09,15,ATOMUSDT,ATOM,34748247.96419,41503100.749525666,30
2022-09,16,EURUSDT,EUR,33874939.619245,32143053.525725666,30
2022-09,17,LINKUSDT,LINK,32582794.626915,38196570.697893664,30
2022-09,18,SANDUSDT,SAND,30792075.5128,33272933.01100333,30
2022-09,19,LTCUSDT,LTC,28658480.907870002,29543774.785900336,30
2022-09,20,RUNEUSDT,RUNE,27384169.69325,30862691.875776667,30
2022-09,21,TRXUSDT,TRX,26749867.242370002,28218883.650879733,30
2022-09,22,UNIUSDT,UNI,19179970.8437,19876653.129993334,30
2022-09,23,ROSEUSDT,ROSE,18371589.634487003,22949686.687056668,30
2022-09,24,AAVEUSDT,AAVE,15516417.79795,17107417.50909,30
2022-09,25,MANAUSDT,MANA,15333052.024149999,17328474.334356666,30
2022-10,1,BTCUSDT,BTC,6622509046.527445,6442054493.820799,30
2022-10,2,ETHUSDT,ETH,1072004801.44634,1082290425.7377172,30
2022-10,3,XRPUSDT,XRP,146910819.4203,223381083.85669,30
2022-10,4,SOLUSDT,SOL,97803602.07640001,99692580.72998333,30
2022-10,5,BNBUSDT,BNB,94046023.63595,100326090.33990334,30
2022-10,6,ETCUSDT,ETC,80801581.26605001,130473397.33848,30
2022-10,7,ATOMUSDT,ATOM,76130566.48657,73232658.77413835,30
2022-10,8,CHZUSDT,CHZ,70140449.3095,82387055.13457333,30
2022-10,9,ADAUSDT,ADA,65503544.40916,70463087.09920634,30
2022-10,10,SHIBUSDT,SHIB,49304604.67442378,60377299.41947889,30
2022-10,11,LINKUSDT,LINK,45308206.958785,48528773.81090666,30
2022-10,12,DOTUSDT,DOT,41960748.7839,44103821.22207,30
2022-10,13,NEARUSDT,NEAR,40116597.08315,42381187.945766665,30
2022-10,14,DOGEUSDT,DOGE,35818506.7015,44741704.321773,30
2022-10,15,EURUSDT,EUR,35230995.852819994,32909312.56703433,30
2022-10,16,AVAXUSDT,AVAX,35092581.60415,39853234.926523335,30
2022-10,17,LTCUSDT,LTC,32287465.068779998,35696685.39848567,30
2022-10,18,TRXUSDT,TRX,25622496.875007,25619940.626867667,30
2022-10,19,RVNUSDT,RVN,25265777.445484,40241009.87390463,30
2022-10,20,FILUSDT,FIL,23579563.19915,26797654.3922,30
2022-10,21,SANDUSDT,SAND,22551934.4689,23101497.742519997,30
2022-10,22,GALAUSDT,GALA,16428026.2923,17041872.475151,30
2022-10,23,CRVUSDT,CRV,13796494.440949999,15483133.50357,30
2022-10,24,ALGOUSDT,ALGO,12777181.4816,19086436.510276668,30
2022-10,25,BCHUSDT,BCH,12214629.09935,12937001.940103332,30
2022-11,1,BTCUSDT,BTC,5011552075.140593,4877578403.478862,30
2022-11,2,ETHUSDT,ETH,645628303.383217,781571680.655907,30
2022-11,3,XRPUSDT,XRP,155640339.90635002,165904069.72722,30
2022-11,4,SOLUSDT,SOL,62974274.97805,69033755.69021,30
2022-11,5,BNBUSDT,BNB,62456503.8675,88692585.97432333,30
2022-11,6,ADAUSDT,ADA,38668338.201315,46286109.19903103,30
2022-11,7,CHZUSDT,CHZ,36886390.6874,38005712.52423,30
2022-11,8,SHIBUSDT,SHIB,34746773.2050263,73458280.817885,30
2022-11,9,LINKUSDT,LINK,28349521.60739,29527722.94588,30
2022-11,10,EURUSDT,EUR,28335045.724639997,27176224.865385666,30
2022-11,11,ATOMUSDT,ATOM,27656712.677325003,32089194.559437998,30
2022-11,12,ETCUSDT,ETC,25905622.47265,32551154.355536666,30
2022-11,13,DOGEUSDT,DOGE,25410971.452864997,235864193.07051367,30
2022-11,14,DOTUSDT,DOT,25354379.88115,27288598.283551667,30
2022-11,15,TRXUSDT,TRX,24316756.7666775,27179243.8177125,30
2022-11,16,AVAXUSDT,AVAX,23920715.4587,25247890.023636665,30
2022-11,17,NEARUSDT,NEAR,21200106.1337,23783201.56529,30
2022-11,18,LTCUSDT,LTC,18559496.505905002,18761129.470864665,30
2022-11,19,UNIUSDT,UNI,17604380.84805,18078408.789219998,30
2022-11,20,QNTUSDT,QNT,16441395.263549998,19270020.874849997,30
2022-11,21,SUSHIUSDT,SUSHI,15909124.0702,18821081.377633333,30
2022-11,22,GALAUSDT,GALA,12394692.628425,18509951.307263,30
2022-11,23,SANDUSDT,SAND,12101631.22955,17243126.57258,30
2022-11,24,FILUSDT,FIL,12088779.033100002,14182131.440203333,30
2022-11,25,EGLDUSDT,EGLD,10017297.68335,11174145.69967,30
2022-12,1,BTCUSDT,BTC,4365290478.532793,5398476574.179682,30
2022-12,2,ETHUSDT,ETH,717151222.0144935,998864273.9523449,30
2022-12,3,DOGEUSDT,DOGE,219728705.39366502,271152664.905468,30
2022-12,4,BNBUSDT,BNB,152375658.52485,210608762.55477667,30
2022-12,5,XRPUSDT,XRP,139523388.17865002,162440802.26380333,30
2022-12,6,CHZUSDT,CHZ,104013938.43349999,115976890.37121001,30
2022-12,7,LTCUSDT,LTC,86325495.487775,90778200.070869,30
2022-12,8,SOLUSDT,SOL,81290345.9485,151997626.20865574,30
2022-12,9,LINKUSDT,LINK,60464533.32781,71890908.08217366,30
2022-12,10,SHIBUSDT,SHIB,42549343.59562504,55266606.908293754,30
2022-12,11,ADAUSDT,ADA,36530910.93917,49770236.10984703,30
2022-12,12,TRXUSDT,TRX,29877906.122016497,42793854.20088833,30
2022-12,13,EURUSDT,EUR,29464674.404145002,36265525.976311,30
2022-12,14,NEARUSDT,NEAR,27314424.296265,30526633.617775533,30
2022-12,15,ALGOUSDT,ALGO,26572456.802301,32160870.6417533,30
2022-12,16,DYDXUSDT,DYDX,26335325.77049,33684813.48766167,30
2022-12,17,DOTUSDT,DOT,25926852.5649,34919667.014698334,30
2022-12,18,AVAXUSDT,AVAX,22454316.04885,30940910.81917813,30
2022-12,19,ATOMUSDT,ATOM,20986115.956875,33032649.277505,30
2022-12,20,ETCUSDT,ETC,18783048.66175,30354312.96603,30
2022-12,21,UNIUSDT,UNI,17949836.45465,21271834.540436666,30
2022-12,22,SUSHIUSDT,SUSHI,17704515.99255,19402279.506383333,30
2022-12,23,FILUSDT,FIL,17304289.443549998,25064559.501516666,30
2022-12,24,SANDUSDT,SAND,17298473.540596,24189429.1947552,30
2022-12,25,GALAUSDT,GALA,15007103.58837,27356857.482794665,30
2023-01,1,BTCUSDT,BTC,2933995790.7903566,3094531929.762027,30
2023-01,2,ETHUSDT,ETH,383120550.3541395,404164636.9020911,30
2023-01,3,XRPUSDT,XRP,99977262.05849999,92030098.06424333,30
2023-01,4,DOGEUSDT,DOGE,90300885.043315,95950419.60377301,30
2023-01,5,BNBUSDT,BNB,69644854.78045,86300974.28898667,30
2023-01,6,LTCUSDT,LTC,45575909.91827,49814115.71528767,30
2023-01,7,SOLUSDT,SOL,30124606.751649998,38384296.98681067,30
2023-01,8,EURUSDT,EUR,22984910.217074998,20751887.863682333,30
2023-01,9,LINKUSDT,LINK,20626659.33986,21830755.112526666,30
2023-01,10,ADAUSDT,ADA,19457799.745205,22453026.334612098,30
2023-01,11,TRXUSDT,TRX,17647807.076486997,18643742.658103634,30
2023-01,12,CHZUSDT,CHZ,16421831.199,17190474.195633333,30
2023-01,13,SHIBUSDT,SHIB,15823886.212563764,20443857.231085427,30
2023-01,14,DOTUSDT,DOT,14623043.26215,16386593.832266133,30
2023-01,15,ATOMUSDT,ATOM,12049234.44472,14242093.344492,30
2023-01,16,FILUSDT,FIL,11583063.04223,16661384.321127333,30
2023-01,17,SANDUSDT,SAND,11227719.8159,12495537.7182416,30
2023-01,18,AVAXUSDT,AVAX,10893983.20795,12516026.224872833,30
2023-01,19,NEARUSDT,NEAR,10502996.7796,11678039.259496666,30
2023-01,20,DYDXUSDT,DYDX,8733588.962189998,10611093.387613665,30
2023-01,21,ETCUSDT,ETC,8599932.8589,9182974.276343334,30
2023-01,22,ALGOUSDT,ALGO,7173518.733200001,7518061.079953333,30
2023-01,23,GALAUSDT,GALA,7167516.50564,8379221.972968333,30
2023-01,24,UNIUSDT,UNI,6228597.262165,6867953.227079,30
2023-01,25,SUSHIUSDT,SUSHI,5896743.0329,7410798.635956666,30
2023-02,1,BTCUSDT,BTC,6126256488.790562,5590148923.129063,30
2023-02,2,ETHUSDT,ETH,706923555.079517,710401890.1007792,30
2023-02,3,SOLUSDT,SOL,159020291.7588,177035440.60490665,30
2023-02,4,XRPUSDT,XRP,143753269.2012,145045286.90311334,30
2023-02,5,DOGEUSDT,DOGE,97805847.78856,117535792.81447366,30
2023-02,6,BNBUSDT,BNB,93253696.78490001,102093196.33395334,30
2023-02,7,GALAUSDT,GALA,82407511.93874499,108037891.82608834,30
2023-02,8,SHIBUSDT,SHIB,66577666.12831847,72994280.60166298,30
2023-02,9,LTCUSDT,LTC,63335990.17853,68972323.74654333,30
2023-02,10,AVAXUSDT,AVAX,62949502.45475,62623133.63639667,30
2023-02,11,ADAUSDT,ADA,48499879.691055,53671811.780563,30
2023-02,12,NEARUSDT,NEAR,42766067.4206,43945138.26909333,30
2023-02,13,LINKUSDT,LINK,36119100.035265,34023574.37611833,30
2023-02,14,FILUSDT,FIL,32881634.889955,37256192.548678,30
2023-02,15,DOTUSDT,DOT,31619053.140785,33296967.011446,30
2023-02,16,SANDUSDT,SAND,31118433.551749997,36086674.27879,30
2023-02,17,ETCUSDT,ETC,26811131.1304,31386272.718013335,30
2023-02,18,ATOMUSDT,ATOM,25669642.59257,28404609.438241336,30
2023-02,19,TRXUSDT,TRX,25601906.3947835,28925709.456467,30
2023-02,20,MANAUSDT,MANA,25336520.83615,32011504.40487,30
2023-02,21,FETUSDT,FET,25021389.813,27203535.93515333,30
2023-02,22,EURUSDT,EUR,23609456.876764998,22981421.979842667,30
2023-02,23,CHZUSDT,CHZ,20833794.527850002,23071488.03252,30
2023-02,24,CRVUSDT,CRV,18614265.284950003,15972969.573203333,30
2023-02,25,DYDXUSDT,DYDX,17237134.25714,33728314.591753,30
2023-03,1,BTCUSDT,BTC,7290999198.615877,7187449070.94678,30
2023-03,2,ETHUSDT,ETH,750804778.3083515,757958941.4461551,30
2023-03,3,XRPUSDT,XRP,136483403.7571,124751473.90847999,30
2023-03,4,SOLUSDT,SOL,113735490.75189999,118721146.85831,30
2023-03,5,BNBUSDT,BNB,97783514.53715,119541086.89153667,30
2023-03,6,DOGEUSDT,DOGE,82418394.405575,106024684.48298334,30
2023-03,7,SHIBUSDT,SHIB,74396836.49583933,89878417.1075346,30
2023-03,8,LTCUSDT,LTC,56180507.22005,57743744.237753995,30
2023-03,9,FILUSDT,FIL,52862821.58134501,97203425.08431533,30
2023-03,10,DYDXUSDT,DYDX,51950977.026374996,60304215.889514,30
2023-03,11,FETUSDT,FET,47836973.793400005,61105287.87608334,30
2023-03,12,CFXUSDT,CFX,46577726.403799996,71646403.63911334,30
2023-03,13,AVAXUSDT,AVAX,46264302.428,50937131.29168667,30
2023-03,14,ADAUSDT,ADA,41368123.039155,42672902.04385333,30
2023-03,15,GALAUSDT,GALA,40089717.714085,44877825.531683,30
2023-03,16,DOTUSDT,DOT,36507784.11039,44340942.76309,30
2023-03,17,LINKUSDT,LINK,35500389.152219996,44599587.53017,30
2023-03,18,GRTUSDT,GRT,33281162.74955,47574983.98682,30
2023-03,19,EURUSDT,EUR,32056095.889075,29001329.046847,30
2023-03,20,NEARUSDT,NEAR,31601816.8129,36674769.10254667,30
2023-03,21,SANDUSDT,SAND,29148538.252049997,40812536.482086666,30
2023-03,22,TRXUSDT,TRX,27239874.961093,29691545.2395922,30
2023-03,23,ATOMUSDT,ATOM,25760579.899575,28098790.821312666,30
2023-03,24,ETCUSDT,ETC,22225972.94255,25758563.468746666,30
2023-03,25,INJUSDT,INJ,22189272.80515,24254792.339816667,30
2023-04,1,BTCUSDT,BTC,6579383321.244237,7293078626.684092,30
2023-04,2,ETHUSDT,ETH,1039720312.4603425,1118876506.0243182,30
2023-04,3,XRPUSDT,XRP,204490141.29975,269135824.8652,30
2023-04,4,CFXUSDT,CFX,122925242.12329999,179498056.86440334,30
2023-04,5,BNBUSDT,BNB,102883280.5945,140587473.3223267,30
2023-04,6,SOLUSDT,SOL,99660034.40810001,107484280.06168,30
2023-04,7,LTCUSDT,LTC,74974001.19582,83310058.64694467,30
2023-04,8,DOGEUSDT,DOGE,73882230.05042,79337139.53589533,30
2023-04,9,FILUSDT,FIL,63920565.45745,73010524.92703333,30
2023-04,10,ADAUSDT,ADA,52374209.86123,55998938.534098335,30
2023-04,11,SHIBUSDT,SHIB,48229250.245948024,51200468.27299513,30
2023-04,12,DYDXUSDT,DYDX,44086377.455475,45691885.35571733,30
2023-04,13,STXUSDT,STX,43711630.47348,52656871.81276833,30
2023-04,14,GALAUSDT,GALA,40259503.127739996,48424086.704539664,30
2023-04,15,EURUSDT,EUR,36502129.21154,34797799.05703267,30
2023-04,16,LINKUSDT,LINK,36101526.36498,36709099.632341005,30
2023-04,17,AVAXUSDT,AVAX,32862692.92125,34543733.57408,30
2023-04,18,DOTUSDT,DOT,32382259.667834997,32342652.55091733,30
2023-04,19,TRXUSDT,TRX,29840718.450641498,36679088.419415265,30
2023-04,20,TRUUSDT,TRU,28411079.963749997,40250093.399683334,30
2023-04,21,FETUSDT,FET,26766817.251950003,31683191.379876666,30
2023-04,22,ATOMUSDT,ATOM,26070207.96807,27364779.117838334,30
2023-04,23,NEARUSDT,NEAR,21708992.87065,22740016.30364667,30
2023-04,24,SANDUSDT,SAND,20432485.98505,21783709.01214,30
2023-04,25,INJUSDT,INJ,19379558.999700002,20439234.858223334,30
2023-05,1,BTCUSDT,BTC,1580887436.3990827,1599397893.472846,30
2023-05,2,ETHUSDT,ETH,822895241.4680405,927884526.0149077,30
2023-05,3,XRPUSDT,XRP,166429433.67725,163074775.86088,30
2023-05,4,BNBUSDT,BNB,136573707.89155,147959005.42493,30
2023-05,5,DOGEUSDT,DOGE,125542393.36823,181749220.690609,30
2023-05,6,SOLUSDT,SOL,77933529.54370001,89371309.16315334,30
2023-05,7,CFXUSDT,CFX,62666298.666999996,73315238.18165,30
2023-05,8,LTCUSDT,LTC,58309736.184200004,58322001.66416867,30
2023-05,9,INJUSDT,INJ,44356015.001049995,49997528.63132333,30
2023-05,10,ADAUSDT,ADA,42115084.224205,49338802.85578067,30
2023-05,11,EURUSDT,EUR,33341410.76322,31664250.463942334,30
2023-05,12,FILUSDT,FIL,33105029.82378,34403936.021618,30
2023-05,13,GALAUSDT,GALA,31983118.75118,38611677.790093,30
2023-05,14,OGUSDT,OG,30571095.257799998,64562246.5179495,30
2023-05,15,SHIBUSDT,SHIB,29482961.567837022,33399598.292990256,30
2023-05,16,LINKUSDT,LINK,28580226.875935,34147087.796893336,30
2023-05,17,AVAXUSDT,AVAX,27398792.6638,32891522.259800002,30
2023-05,18,DYDXUSDT,DYDX,24603835.289695002,26870967.873288,30
2023-05,19,DOTUSDT,DOT,22768900.060695,23511230.51120167,30
2023-05,20,ATOMUSDT,ATOM,22357560.77377,23367271.378447,30
2023-05,21,TRXUSDT,TRX,19143515.196613498,21929830.733395167,30
2023-05,22,ACHUSDT,ACH,17810655.948335,21184491.133438665,30
2023-05,23,FETUSDT,FET,16860084.54395,22289119.365143336,30
2023-05,24,CHZUSDT,CHZ,16114548.0275,18012650.60129,30
2023-05,25,SANDUSDT,SAND,15942675.62605,18026683.495966665,30
2023-06,1,BTCUSDT,BTC,1105778586.2187104,1123656881.9956853,30
2023-06,2,ETHUSDT,ETH,613064873.9933026,660880068.6148373,30
2023-06,3,XRPUSDT,XRP,134356754.11455,134868109.98323,30
2023-06,4,BNBUSDT,BNB,78764328.39675,84325436.14233333,30
2023-06,5,LTCUSDT,LTC,56051128.008955,62340836.27326867,30
2023-06,6,SOLUSDT,SOL,53918451.7157,53842727.24841333,30
2023-06,7,CFXUSDT,CFX,39001646.873950005,44522966.42137,30
2023-06,8,DOGEUSDT,DOGE,33858466.630715,39126587.493794,30
2023-06,9,EURUSDT,EUR,28181125.15351,28849296.295587666,30
2023-06,10,ADAUSDT,ADA,24797509.17481,26547093.925414003,30
2023-06,11,OPUSDT,OP,21923660.922055,23915637.81464467,30
2023-06,12,GALAUSDT,GALA,21069246.610155,25608634.380219664,30
2023-06,13,TRXUSDT,TRX,20730817.971685,22443552.6556021,30
2023-06,14,INJUSDT,INJ,20326016.3971,21877576.279186666,30
2023-06,15,AVAXUSDT,AVAX,18395520.076849997,18808907.30779,30
2023-06,16,FILUSDT,FIL,16922878.868505,18492106.062607333,30
2023-06,17,LDOUSDT,LDO,16616108.443750001,19819386.01649467,30
2023-06,18,SHIBUSDT,SHIB,15471992.926624615,17264900.66438733,30
2023-06,19,LINKUSDT,LINK,14887554.01451,15712618.233691666,30
2023-06,20,FETUSDT,FET,13134621.983,14879480.34667,30
2023-06,21,DYDXUSDT,DYDX,12345487.533235,12413560.824473333,30
2023-06,22,DOTUSDT,DOT,11344377.690340001,12224983.665484667,30
2023-06,23,SANDUSDT,SAND,11238302.4058,13430819.792456666,30
2023-06,24,ATOMUSDT,ATOM,11012433.114325,13757775.122696001,30
2023-06,25,ACHUSDT,ACH,9581411.203244999,10896866.221685,30
2023-07,1,BTCUSDT,BTC,1130374403.4220166,1273004288.6451352,30
2023-07,2,ETHUSDT,ETH,584349374.944332,625081413.5193732,30
2023-07,3,XRPUSDT,XRP,159646791.59765,176094196.59390667,30
2023-07,4,BNBUSDT,BNB,150814777.3819,174046339.42450333,30
2023-07,5,SOLUSDT,SOL,62906323.152600005,75471189.34701666,30
2023-07,6,LTCUSDT,LTC,50706787.063855,81119687.67252666,30
2023-07,7,DOGEUSDT,DOGE,37172830.6213,46855977.702516,30
2023-07,8,ADAUSDT,ADA,32865268.350455,41561878.06992467,30
2023-07,9,OPUSDT,OP,24489888.844075,35517185.116933994,30
2023-07,10,EURUSDT,EUR,23594357.276975,23074679.19751,30
2023-07,11,CFXUSDT,CFX,23152715.93485,28645930.248269998,30
2023-07,12,AVAXUSDT,AVAX,21377068.710249998,24917384.636406668,30
2023-07,13,LINKUSDT,LINK,19663684.25255,21454573.057762165,30
2023-07,14,TRXUSDT,TRX,17677209.802131,22879514.547512233,30
2023-07,15,SHIBUSDT,SHIB,17438833.583859973,23091984.96540571,30
2023-07,16,INJUSDT,INJ,16905896.902,18644196.328256667,30
2023-07,17,FILUSDT,FIL,16094963.826515,20062977.760002997,30
2023-07,18,APEUSDT,APE,15631070.323635,18332939.150893133,30
2023-07,19,DOTUSDT,DOT,14707024.58455,18436172.517005,30
2023-07,20,GALAUSDT,GALA,14233464.332844999,16125724.867994666,30
2023-07,21,STXUSDT,STX,13700098.264759999,17518853.899175666,30
2023-07,22,SANDUSDT,SAND,12713713.5932,16419235.953969998,30
2023-07,23,ATOMUSDT,ATOM,10361116.381515,11368396.489316,30
2023-07,24,NEARUSDT,NEAR,10177348.29815,13011361.969806667,30
2023-07,25,DYDXUSDT,DYDX,10081444.390135,13353329.044685,30
2023-08,1,BTCUSDT,BTC,883061669.8593402,934574628.902735,30
2023-08,2,ETHUSDT,ETH,405385414.0630855,442082245.45366985,30
2023-08,3,XRPUSDT,XRP,235171570.7416,342993900.8898867,30
2023-08,4,BNBUSDT,BNB,107364035.7015,124144732.45491,30
2023-08,5,SOLUSDT,SOL,103621532.1306,139602043.09781668,30
2023-08,6,LTCUSDT,LTC,66287478.543515,78948493.306129,30
2023-08,7,DOGEUSDT,DOGE,66051239.990805,85650194.24370568,30
2023-08,8,BCHUSDT,BCH,43645409.669599995,57853111.75095333,30
2023-08,9,ADAUSDT,ADA,28442605.493055,37162899.607774995,30
2023-08,10,COMPUSDT,COMP,27190465.844690003,30699923.269879334,30
2023-08,11,OPUSDT,OP,24908160.63309,34762605.569376335,30
2023-08,12,LINKUSDT,LINK,24631472.732205,34482513.18661533,30
2023-08,13,SHIBUSDT,SHIB,23922580.211341344,26057675.31135792,30
2023-08,14,EURUSDT,EUR,23627782.777695,23546089.450047333,30
2023-08,15,AVAXUSDT,AVAX,22057261.529349998,27279363.53906,30
2023-08,16,MKRUSDT,MKR,19774367.5005,21652548.849170003,30
2023-08,17,XLMUSDT,XLM,19155307.6804,30911866.37194,30
2023-08,18,TRXUSDT,TRX,18047871.294967502,22945125.378622733,30
2023-08,19,FILUSDT,FIL,15823347.18616,24887304.678296003,30
2023-08,20,INJUSDT,INJ,12279482.29075,14318674.759263333,30
2023-08,21,DYDXUSDT,DYDX,12227420.31963,13929042.921635,30
2023-08,22,APEUSDT,APE,12182078.50235,14384303.060804,30
2023-08,23,DOTUSDT,DOT,12096173.60451,14203273.794309335,30
2023-08,24,AAVEUSDT,AAVE,11679045.10312,14574828.687138332,30
2023-08,25,GALAUSDT,GALA,11196949.270879999,13943526.590494001,30
2023-09,1,BTCUSDT,BTC,790586061.1099291,894704875.7131327,30
2023-09,2,ETHUSDT,ETH,354713763.85778403,410793105.70258594,30
2023-09,3,XRPUSDT,XRP,186061787.09625,199816401.53374666,30
2023-09,4,BNBUSDT,BNB,72505906.614,87233518.2057,30
2023-09,5,SOLUSDT,SOL,62107033.3587,65364660.76552333,30
2023-09,6,SHIBUSDT,SHIB,45679205.0520029,58966062.839343704,30
2023-09,7,DOGEUSDT,DOGE,42666530.925585,46726123.053965665,30
2023-09,8,LTCUSDT,LTC,32380269.65411,42822995.752740666,30
2023-09,9,OPUSDT,OP,27861242.18918,33514656.09325067,30
2023-09,10,EURUSDT,EUR,22565786.08196,23877329.04353767,30
2023-09,11,LINKUSDT,LINK,21911740.11062,22961992.117975667,30
2023-09,12,BCHUSDT,BCH,21676749.715949997,32239765.036983334,30
2023-09,13,RUNEUSDT,RUNE,20902772.615199998,25540528.42463,30
2023-09,14,ADAUSDT,ADA,15967474.224475,19664018.183237668,30
2023-09,15,LPTUSDT,LPT,15637780.68385,19653567.41062,30
2023-09,16,TRXUSDT,TRX,15619173.876339,16046159.720237566,30
2023-09,17,HBARUSDT,HBAR,11422030.893849999,17636036.113080002,30
2023-09,18,AVAXUSDT,AVAX,10774668.2279,11523858.524173332,30
2023-09,19,CRVUSDT,CRV,10762715.46649,15545339.710565332,30
2023-09,20,APEUSDT,APE,10449847.791639999,14712551.978067601,30
2023-09,21,DYDXUSDT,DYDX,10243704.7072,11886631.485597001,30
2023-09,22,FILUSDT,FIL,9508866.204565,11062939.592156332,30
2023-09,23,MKRUSDT,MKR,9508153.502349999,11421327.46022,30
2023-09,24,GALAUSDT,GALA,8584604.920465,11361035.564505333,30
2023-09,25,FETUSDT,FET,7959020.090849999,10816440.737303333,30
2023-10,1,BTCUSDT,BTC,691727927.1907195,697120381.4454172,30
2023-10,2,ETHUSDT,ETH,334764269.2037635,322520265.3943656,30
2023-10,3,XRPUSDT,XRP,121960971.9523,121957149.74323,30
2023-10,4,BNBUSDT,BNB,64171467.9746,66687788.10296,30
2023-10,5,SOLUSDT,SOL,49427671.569800004,54338516.32091333,30
2023-10,6,LTCUSDT,LTC,28707019.16451,28463140.271558333,30
2023-10,7,TRBUSDT,TRB,26325593.19255,30916266.30243333,30
2023-10,8,DOGEUSDT,DOGE,23843331.334535003,24764500.932612333,30
2023-10,9,LINKUSDT,LINK,21683827.09776,26595929.83570833,30
2023-10,10,BCHUSDT,BCH,21216420.2373,25020430.494656667,30
2023-10,11,EURUSDT,EUR,16745644.857245,15399859.318818001,30
2023-10,12,TRXUSDT,TRX,16135290.329295,16946864.3748461,30
2023-10,13,OPUSDT,OP,15386743.46853,16752335.728731666,30
2023-10,14,RUNEUSDT,RUNE,13099748.114149999,14500920.078036666,30
2023-10,15,ADAUSDT,ADA,12304146.629355,12617331.421068002,30
2023-10,16,SHIBUSDT,SHIB,11777321.953122824,12389068.359165335,30
2023-10,17,MKRUSDT,MKR,10318592.09245,12135277.898576668,30
2023-10,18,APEUSDT,APE,9140790.290025,10493953.825197333,30
2023-10,19,AVAXUSDT,AVAX,8972126.17315,9692581.199536668,30
2023-10,20,DOTUSDT,DOT,8682203.73062,8750883.3226972,30
2023-10,21,FILUSDT,FIL,7957612.744105,8212803.922485666,30
2023-10,22,GALAUSDT,GALA,7897350.36631,9977920.288859334,30
2023-10,23,FETUSDT,FET,7639251.2848000005,9937069.433403334,30
2023-10,24,ATOMUSDT,ATOM,7278378.03961,7773913.370688333,30
2023-10,25,CFXUSDT,CFX,7018294.5011,8060351.07364,30
2023-11,1,BTCUSDT,BTC,892394079.7574595,1135395310.2450953,30
2023-11,2,ETHUSDT,ETH,372436851.7305725,448992474.99462056,30
2023-11,3,XRPUSDT,XRP,128281014.9867,163197354.80614,30
2023-11,4,SOLUSDT,SOL,110108580.26235,170167226.7596067,30
2023-11,5,BNBUSDT,BNB,74951647.60715,94772228.62825666,30
2023-11,6,LINKUSDT,LINK,37971396.78224,72671525.70469467,30
2023-11,7,RUNEUSDT,RUNE,25804731.97275,28243182.64147667,30
2023-11,8,AVAXUSDT,AVAX,23833023.87225,28175905.920376666,30
2023-11,9,LTCUSDT,LTC,22993854.903715,26935403.758188665,30
2023-11,10,TRBUSDT,TRB,22651285.69155,31705281.725520167,30
2023-11,11,DOGEUSDT,DOGE,21799678.750935,45629157.957316004,30
2023-11,12,TRXUSDT,TRX,21483018.7740875,22561871.8843975,30
2023-11,13,BCHUSDT,BCH,20219027.31715,23980358.747973334,30
2023-11,14,OPUSDT,OP,17280113.70159,18851743.829042334,30
2023-11,15,EURUSDT,EUR,16743628.401355,16183266.522215666,30
2023-11,16,ADAUSDT,ADA,15704323.564705,18711241.87374933,30
2023-11,17,SHIBUSDT,SHIB,12988168.02284809,20599710.263424404,30
2023-11,18,APTUSDT,APT,11362634.146945,21320647.458116267,30
2023-11,19,DOTUSDT,DOT,11247344.501249999,14789212.451185834,30
2023-11,20,GALAUSDT,GALA,9928745.812515,20567193.405904334,30
2023-11,21,APEUSDT,APE,9358692.546215,11596310.473576,30
2023-11,22,ATOMUSDT,ATOM,9189912.103285,13858384.790904334,30
2023-11,23,MKRUSDT,MKR,8762155.060800001,10100669.653833333,30
2023-11,24,INJUSDT,INJ,8625101.8161,17269552.324693333,30
2023-11,25,FILUSDT,FIL,8387367.687860001,12139954.354293335,30
2023-12,1,BTCUSDT,BTC,1298154574.0245326,1276794868.8190293,30
2023-12,2,ETHUSDT,ETH,667597728.2528245,751632542.5071248,30
2023-12,3,SOLUSDT,SOL,419941595.90635,449069779.51925,30
2023-12,4,XRPUSDT,XRP,202806673.82975,238767875.7460533,30
2023-12,5,BNBUSDT,BNB,176213182.81419998,207749075.66549,30
2023-12,6,DOGEUSDT,DOGE,132776903.818285,153394736.503902,30
2023-12,7,LINKUSDT,LINK,116100138.242425,121065712.36785533,30
2023-12,8,RUNEUSDT,RUNE,95798491.06439999,99475212.39281,30
2023-12,9,AVAXUSDT,AVAX,81014801.93869999,117277643.04974334,30
2023-12,10,DYDXUSDT,DYDX,48132151.84394,58600923.57816333,30
2023-12,11,GALAUSDT,GALA,44089001.031445,51777013.743889,30
2023-12,12,ADAUSDT,ADA,43576619.78335,48567740.354642004,30
2023-12,13,CAKEUSDT,CAKE,37959963.79831,48017738.514908664,30
2023-12,14,NEARUSDT,NEAR,37925952.342800006,43218628.93083,30
2023-12,15,LTCUSDT,LTC,35691538.1369,36523896.76864233,30
2023-12,16,FETUSDT,FET,34336981.3302,39943401.56367667,30
2023-12,17,DOTUSDT,DOT,34335882.35226,37799326.907909,30
2023-12,18,ATOMUSDT,ATOM,30973718.79983,34841804.98691233,30
2023-12,19,INJUSDT,INJ,30973371.4183,32638527.780403968,30
2023-12,20,OPUSDT,OP,30785190.93229,38132575.32076867,30
2023-12,21,SHIBUSDT,SHIB,29824207.89211896,36851597.0861889,30
2023-12,22,TRXUSDT,TRX,28388568.890464,32667361.660109,30
2023-12,23,FILUSDT,FIL,26366334.815954998,34304633.01919667,30
2023-12,24,GMTUSDT,GMT,25925753.253069997,31476144.50566,30
2023-12,25,APTUSDT,APT,22982891.9746695,25498177.26792067,30
2024-01,1,BTCUSDT,BTC,1534306454.6200278,1637552420.9010136,30
2024-01,2,ETHUSDT,ETH,870451380.272859,861699764.4296855,30
2024-01,3,SOLUSDT,SOL,667384034.5558,723134596.612495,30
2024-01,4,XRPUSDT,XRP,228253438.9475,222732270.72277,30
2024-01,5,AVAXUSDT,AVAX,220587923.79045,254216654.62096998,30
2024-01,6,BNBUSDT,BNB,203965512.1013,278264699.60508996,30
2024-01,7,ADAUSDT,ADA,118650431.015975,141202701.081457,30
2024-01,8,OPUSDT,OP,115994488.01378,140365653.27613232,30
2024-01,9,DOGEUSDT,DOGE,114803631.011935,147854576.899538,30
2024-01,10,LINKUSDT,LINK,100628779.11868,105587421.06160167,30
2024-01,11,INJUSDT,INJ,91002068.71419999,100605184.5811724,30
2024-01,12,DOTUSDT,DOT,75653276.830295,85401374.25211866,30
2024-01,13,NEARUSDT,NEAR,74240275.88080001,96609226.80023667,30
2024-01,14,RUNEUSDT,RUNE,72574224.27364999,78963883.42839,30
2024-01,15,FILUSDT,FIL,56644698.637815,78672275.502321,30
2024-01,16,BAKEUSDT,BAKE,53781585.272915006,84572535.44927366,30
2024-01,17,SHIBUSDT,SHIB,52598886.45147586,67529334.7491073,30
2024-01,18,DYDXUSDT,DYDX,52424513.36055,52240488.191678,30
2024-01,19,ATOMUSDT,ATOM,50728702.2755,55224600.23639,30
2024-01,20,TRBUSDT,TRB,41605569.822138995,99913163.7057689,30
2024-01,21,ICPUSDT,ICP,41581062.16897,76977042.39321166,30
2024-01,22,LTCUSDT,LTC,40065995.31106,44133742.95204867,30
2024-01,23,GALAUSDT,GALA,37167300.998185,44414033.446975335,30
2024-01,24,STXUSDT,STX,36361100.09098,48893481.89923833,30
2024-01,25,APTUSDT,APT,35693408.928036004,40617367.45141277,30
2024-02,1,BTCUSDT,BTC,1715324244.0805926,1940435044.9126468,30
2024-02,2,ETHUSDT,ETH,915249602.735883,1023154842.0030459,30
2024-02,3,SOLUSDT,SOL,596036676.63715,597699372.22137,30
2024-02,4,BNBUSDT,BNB,268685231.94955003,256056920.63731,30
2024-02,5,XRPUSDT,XRP,168036180.6911,192497506.25673002,30
2024-02,6,AVAXUSDT,AVAX,92897899.48269999,104367324.96944666,30
2024-02,7,LINKUSDT,LINK,85943890.080695,93557322.53670634,30
2024-02,8,OPUSDT,OP,78651075.75060001,100855639.28952299,30
2024-02,9,DOGEUSDT,DOGE,74799122.28384,81010969.22882466,30
2024-02,10,INJUSDT,INJ,69301477.32280001,75669497.94951575,30
2024-02,11,ADAUSDT,ADA,58182775.01709,68149395.476454,30
2024-02,12,RUNEUSDT,RUNE,56058352.6125,61971842.48242,30
2024-02,13,NEARUSDT,NEAR,48871476.2802,55667618.977966666,30
2024-02,14,FILUSDT,FIL,44838097.928735,55209782.42622066,30
2024-02,15,ETCUSDT,ETC,44416286.127900004,60316998.59521666,30
2024-02,16,ICPUSDT,ICP,43010532.673895,61411621.75215166,30
2024-02,17,ENSUSDT,ENS,42569036.9708,66075706.680860005,30
2024-02,18,TRBUSDT,TRB,39710788.81725,56298780.582550004,30
2024-02,19,TRXUSDT,TRX,38495932.229761004,40974519.89189043,30
2024-02,20,LTCUSDT,LTC,38063303.581695005,42274251.48360467,30
2024-02,21,APTUSDT,APT,36486562.22013,43064481.2800632,30
2024-02,22,DOTUSDT,DOT,35253170.6689,45283338.16030433,30
2024-02,23,DYDXUSDT,DYDX,34085186.690815,34353214.253024,30
2024-02,24,STXUSDT,STX,30150770.759845,43820168.88531367,30
2024-02,25,LDOUSDT,LDO,26915748.174625,39038754.093279004,30
2024-03,1,BTCUSDT,BTC,1690046641.9940753,2158897461.935672,30
2024-03,2,ETHUSDT,ETH,1187361386.8775754,1194893572.4589756,30
2024-03,3,SOLUSDT,SOL,469831023.19515,554561707.78415,30
2024-03,4,BNBUSDT,BNB,230976089.6593,263569425.10441,30
2024-03,5,XRPUSDT,XRP,198555430.3682,232764720.71558332,30
2024-03,6,LINKUSDT,LINK,103318797.73080501,125624423.96494266,30
2024-03,7,AVAXUSDT,AVAX,86737453.63264999,107212183.06240334,30
2024-03,8,ADAUSDT,ADA,84559068.722085,96020449.40007867,30
2024-03,9,INJUSDT,INJ,64264580.9085,75563181.49911666,30
2024-03,10,RUNEUSDT,RUNE,58488753.9305,65161139.68011,30
2024-03,11,OPUSDT,OP,57676839.10109,65262436.39830967,30
2024-03,12,NEARUSDT,NEAR,56010998.991500005,61134643.68457333,30
2024-03,13,DOGEUSDT,DOGE,55367170.998085,161706053.059823,30
2024-03,14,FILUSDT,FIL,54124889.006685,98023836.203831,30
2024-03,15,STXUSDT,STX,43579749.341085,49969988.958312035,30
2024-03,16,DOTUSDT,DOT,41433492.089045,46448134.770797,30
2024-03,17,ETCUSDT,ETC,40087166.19805,43105782.09471,30
2024-03,18,TRXUSDT,TRX,38838121.3456485,41824035.867494,30
2024-03,19,APTUSDT,APT,35776024.8173325,51097727.52020967,30
2024-03,20,FETUSDT,FET,35103700.36655,55960323.3726854,30
2024-03,21,ICPUSDT,ICP,35088997.437189996,38400979.26906933,30
2024-03,22,LTCUSDT,LTC,33684313.575295,49269733.334932335,30
2024-03,23,CKBUSDT,CKB,31201223.1236175,52347317.85623467,30
2024-03,24,SHIBUSDT,SHIB,30945929.949872855,80330747.35855444,30
2024-03,25,EURUSDT,EUR,29605141.600975,29902244.175754666,30
2024-04,1,BTCUSDT,BTC,3549655591.119013,3774276091.310391,30
2024-04,2,ETHUSDT,ETH,1939643569.4811969,2100061060.0465095,30
2024-04,3,SOLUSDT,SOL,1099023134.7007,1322503481.3653333,30
2024-04,4,BNBUSDT,BNB,707167241.26155,731154406.8532203,30
2024-04,5,DOGEUSDT,DOGE,594098818.2417,718253367.7583344,30
2024-04,6,SHIBUSDT,SHIB,462399304.0569389,714763158.1626426,30
2024-04,7,XRPUSDT,XRP,393439701.0585,457734757.22841,30
2024-04,8,ARBUSDT,ARB,218429758.52197498,226833108.20827034,30
2024-04,9,AVAXUSDT,AVAX,211145753.5539,292145108.84727997,30
2024-04,10,NEARUSDT,NEAR,209296291.5506,214645434.83156335,30
2024-04,11,RUNEUSDT,RUNE,181312676.5008,184416994.62505335,30
2024-04,12,FETUSDT,FET,166871739.67115,193886047.46756262,30
2024-04,13,FILUSDT,FIL,142787636.200355,159611109.04430333,30
2024-04,14,ADAUSDT,ADA,126583947.62812999,147195663.93411866,30
2024-04,15,LTCUSDT,LTC,112150786.24459499,138147523.10836634,30
2024-04,16,LINKUSDT,LINK,104283319.829605,118836165.38103834,30
2024-04,17,APTUSDT,APT,101300362.489838,119007851.0708271,30
2024-04,18,DOTUSDT,DOT,99424324.319345,111707269.557578,30
2024-04,19,GALAUSDT,GALA,97776299.95122,141201785.85390067,30
2024-04,20,OPUSDT,OP,96515872.923225,118461807.69232799,30
2024-04,21,BCHUSDT,BCH,93286625.6072,129384871.92184666,30
2024-04,22,INJUSDT,INJ,80572499.23750001,91424638.97504373,30
2024-04,23,ICPUSDT,ICP,64913692.16921,85827091.187004,30
2024-04,24,CFXUSDT,CFX,60119900.3257,64815294.83733,30
2024-04,25,ETCUSDT,ETC,54266318.5414,68759983.60258333,30
2024-05,1,BTCUSDT,BTC,2678649022.5113654,2689978106.887099,30
2024-05,2,ETHUSDT,ETH,1303427428.669362,1399759020.8688836,30
2024-05,3,SOLUSDT,SOL,785053617.99632,900204566.8481463,30
2024-05,4,DOGEUSDT,DOGE,380319127.06412,392996090.11885667,30
2024-05,5,BNBUSDT,BNB,342003781.0942,361510034.2132933,30
2024-05,6,XRPUSDT,XRP,241198365.13205,258475574.50047335,30
2024-05,7,SHIBUSDT,SHIB,165214652.62985215,177895582.90134722,30
2024-05,8,NEARUSDT,NEAR,127220433.0943,132042467.14598666,30
2024-05,9,RUNEUSDT,RUNE,103287562.5307,109017817.47652334,30
2024-05,10,AVAXUSDT,AVAX,90019315.43965,102406759.94541,30
2024-05,11,ARBUSDT,ARB,85279332.46994999,102687668.84149133,30
2024-05,12,LTCUSDT,LTC,77703921.847325,93918087.47906832,30
2024-05,13,FETUSDT,FET,71652714.5794,81098825.51077633,30
2024-05,14,ADAUSDT,ADA,68051522.879035,79358845.87707368,30
2024-05,15,FILUSDT,FIL,59627589.560444996,72874958.36491333,30
2024-05,16,BCHUSDT,BCH,59560117.370900005,112390918.54479668,30
2024-05,17,OPUSDT,OP,59010486.0568,65544640.29000233,30
2024-05,18,LINKUSDT,LINK,53166111.12885,66044543.917122334,30
2024-05,19,TRXUSDT,TRX,46957479.481607005,51836469.61673424,30
2024-05,20,ETCUSDT,ETC,45675704.9674,51536267.00855,30
2024-05,21,APTUSDT,APT,44198855.7246265,54755679.49727347,30
2024-05,22,ICPUSDT,ICP,43411484.77582,46117503.790323995,30
2024-05,23,GALAUSDT,GALA,42167957.747195005,52991362.282533005,30
2024-05,24,CKBUSDT,CKB,39646720.3078385,71823491.07395653,30
2024-05,25,DOTUSDT,DOT,38114884.860819995,48252746.77047733,30
2024-06,1,BTCUSDT,BTC,1806415464.208671,1807213975.775594,30
2024-06,2,ETHUSDT,ETH,1034118506.9081681,1227925410.1912751,30
2024-06,3,SOLUSDT,SOL,594850145.587275,580870946.933796,30
2024-06,4,PEPEUSDT,PEPE,504774082.0937114,574674919.593502,30
2024-06,5,DOGEUSDT,DOGE,211974671.567675,235791133.83569732,30
2024-06,6,BNBUSDT,BNB,157727704.6902,182553602.03083333,30
2024-06,7,XRPUSDT,XRP,156534959.849,147606389.43016666,30
2024-06,8,SHIBUSDT,SHIB,127811766.47512698,142646579.03731817,30
2024-06,9,NEARUSDT,NEAR,95055257.07655,93774603.05830334,30
2024-06,10,PEOPLEUSDT,PEOPLE,90574327.6015935,118381840.22175775,30
2024-06,11,FLOKIUSDT,FLOKI,84060521.15464377,123288655.58749877,30
2024-06,12,RUNEUSDT,RUNE,83064622.54315001,90975573.58475666,30
2024-06,13,ARBUSDT,ARB,77591473.20752999,96516478.28958835,30
2024-06,14,AVAXUSDT,AVAX,57500168.0903,63107956.32108,30
2024-06,15,FETUSDT,FET,54234462.908700004,55759563.57971234,30
2024-06,16,TRBUSDT,TRB,51715288.1972,80627262.45536,30
2024-06,17,LINKUSDT,LINK,51063743.770035,61172931.831473,30
2024-06,18,OPUSDT,OP,42799073.295880005,51465642.863193005,30
2024-06,19,ARUSDT,AR,41645018.276285,44539472.787019,30
2024-06,20,ADAUSDT,ADA,38938810.308515,39718852.33044667,30
2024-06,21,SUIUSDT,SUI,38825564.1331,42050168.78662467,30
2024-06,22,LTCUSDT,LTC,32014202.00133,35104527.67693933,30
2024-06,23,FILUSDT,FIL,31631990.277545,33104750.716851667,30
2024-06,24,ICPUSDT,ICP,31227854.760765,33036660.799173336,30
2024-06,25,TRXUSDT,TRX,31209142.776291497,32214032.13252963,30
2024-07,1,BTCUSDT,BTC,1551224236.4122157,1565349827.8923595,30
2024-07,2,ETHUSDT,ETH,876055033.9394851,911989749.5014856,30
2024-07,3,SOLUSDT,SOL,389083506.660485,411239208.21335167,30
2024-07,4,PEPEUSDT,PEPE,346703902.64691484,343370177.7826043,30
2024-07,5,BNBUSDT,BNB,145158352.49265,201366017.7186776,30
2024-07,6,XRPUSDT,XRP,125154517.60084999,130808934.91110666,30
2024-07,7,PEOPLEUSDT,PEOPLE,103454546.523858,130676291.29205047,30
2024-07,8,DOGEUSDT,DOGE,96943726.79049,104520881.68745866,30
2024-07,9,FLOKIUSDT,FLOKI,89400836.56087914,109185517.60074586,30
2024-07,10,SHIBUSDT,SHIB,53054438.01388055,64644454.3978539,30
2024-07,11,AVAXUSDT,AVAX,49097614.5551,51534364.769449994,30
2024-07,12,FETUSDT,FET,46347094.330520004,56058911.77497033,30
2024-07,13,ARBUSDT,ARB,45919784.344799995,48109653.424720004,30
2024-07,14,NEARUSDT,NEAR,45723812.9157,53659605.39864001,30
2024-07,15,JASMYUSDT,JASMY,41332779.20638495,51749481.114684604,30
2024-07,16,RUNEUSDT,RUNE,38090613.04145,40801763.36508667,30
2024-07,17,INJUSDT,INJ,31522812.593500003,44121855.23206,30
2024-07,18,ADAUSDT,ADA,31507027.22236,37351217.48499633,30
2024-07,19,LINKUSDT,LINK,31095015.97801,35816312.75808067,30
2024-07,20,ENSUSDT,ENS,30107618.3648,36212414.08256666,30
2024-07,21,TRXUSDT,TRX,29505424.192205,30628951.07940487,30
2024-07,22,OPUSDT,OP,29152901.58977,32026496.496439334,30
2024-07,23,UNIUSDT,UNI,28244321.060170002,32921575.946017668,30
2024-07,24,CRVUSDT,CRV,27163429.370625,43310604.17093502,30
2024-07,25,LDOUSDT,LDO,26771345.434814997,34072990.82936434,30
2024-08,1,BTCUSDT,BTC,1611595455.1760209,1863722659.0754287,30
2024-08,2,ETHUSDT,ETH,851816259.1943724,958586693.6324062,30
2024-08,3,SOLUSDT,SOL,569120467.902845,571130725.1213603,30
2024-08,4,PEPEUSDT,PEPE,270087705.01116526,325552001.967055,30
2024-08,5,XRPUSDT,XRP,215502937.4815,227001391.50797665,30
2024-08,6,BNBUSDT,BNB,120714725.8258,145120182.72404334,30
2024-08,7,DOGEUSDT,DOGE,97127051.71735,112830624.03849667,30
2024-08,8,WLDUSDT,WLD,56156908.5803,70449080.61764,30
2024-08,9,FLOKIUSDT,FLOKI,55924513.217863806,60646139.180009864,30
2024-08,10,AVAXUSDT,AVAX,55661235.58895,60119403.28489333,30
2024-08,11,SHIBUSDT,SHIB,54539887.02873623,66226317.32453946,30
2024-08,12,PEOPLEUSDT,PEOPLE,51466675.553195,68611271.10390076,30
2024-08,13,RUNEUSDT,RUNE,45113070.1391,46521948.396973334,30
2024-08,14,NEARUSDT,NEAR,43940194.332849994,48732108.29167333,30
2024-08,15,ARBUSDT,ARB,37779502.502055004,43202138.906813666,30
2024-08,16,ADAUSDT,ADA,35735183.39434,41065833.714466,30
2024-08,17,FETUSDT,FET,34580113.482999995,40741514.89088867,30
2024-08,18,TRXUSDT,TRX,32932951.4334885,35795420.513388604,30
2024-08,19,ENSUSDT,ENS,28416626.17015,38693562.487166665,30
2024-08,20,LINKUSDT,LINK,27104470.38544,32992353.227300335,30
2024-08,21,EURUSDT,EUR,24461727.01792,26428205.598748002,30
2024-08,22,MKRUSDT,MKR,24072761.47145,24454516.491129998,30
2024-08,23,INJUSDT,INJ,22837047.4332,23833572.735753335,30
2024-08,24,OPUSDT,OP,22146353.427115,25329927.487132,30
2024-08,25,BCHUSDT,BCH,20792486.93,23888024.655753333,30
2024-09,1,BTCUSDT,BTC,1681724263.780952,1862390913.2124186,30
2024-09,2,ETHUSDT,ETH,812849093.9519656,1023608123.5124023,30
2024-09,3,SOLUSDT,SOL,555271709.74427,650791139.4493724,30
2024-09,4,PEPEUSDT,PEPE,231579903.95510444,248979147.01881364,30
2024-09,5,XRPUSDT,XRP,147286092.07674998,183283659.35764664,30
2024-09,6,BNBUSDT,BNB,131878351.61585,165527485.70657334,30
2024-09,7,DOGEUSDT,DOGE,62136375.147785,84402991.84147866,30
2024-09,8,SUIUSDT,SUI,61066274.615465,63280077.86303233,30
2024-09,9,TRXUSDT,TRX,49980495.413835004,83595164.89371507,30
2024-09,10,FLOKIUSDT,FLOKI,48085118.34734836,61787783.20741133,30
2024-09,11,FETUSDT,FET,44542471.496649995,60041889.32341667,30
2024-09,12,AVAXUSDT,AVAX,43786682.1029,46322699.799713336,30
2024-09,13,RUNEUSDT,RUNE,41699055.12675,46056900.86500333,30
2024-09,14,NEARUSDT,NEAR,37825194.17845,43453946.74549667,30
2024-09,15,AAVEUSDT,AAVE,33596238.106529996,36466766.758953,30
2024-09,16,SHIBUSDT,SHIB,33282067.210893925,39312994.08066883,30
2024-09,17,PEOPLEUSDT,PEOPLE,32053269.8748285,34518197.47890473,30
2024-09,18,ARBUSDT,ARB,31297084.97371,34567371.353739664,30
2024-09,19,CRVUSDT,CRV,29823665.781039998,32563488.308264997,30
2024-09,20,WLDUSDT,WLD,28318800.23045,30548292.473903336,30
2024-09,21,ADAUSDT,ADA,27429068.87886,31764350.702692334,30
2024-09,22,EURUSDT,EUR,25893177.2839,27739964.450201333,30
2024-09,23,LTCUSDT,LTC,21925509.06973,26864809.589728665,30
2024-09,24,LINKUSDT,LINK,20468264.075805,25692456.97771667,30
2024-09,25,INJUSDT,INJ,19275094.8016,20042804.665310003,30
2024-10,1,BTCUSDT,BTC,1537144118.535386,1510180773.9089165,30
2024-10,2,ETHUSDT,ETH,657073009.260921,671148045.4622483,30
2024-10,3,SOLUSDT,SOL,391251876.01297,420099937.42850965,30
2024-10,4,PEPEUSDT,PEPE,151271929.53586614,201684896.12813964,30
2024-10,5,BNBUSDT,BNB,133443700.85369998,140832963.48247334,30
2024-10,6,SUIUSDT,SUI,130862752.081655,144957384.86016765,30
2024-10,7,XRPUSDT,XRP,117655957.8706,136194883.57717,30
2024-10,8,FETUSDT,FET,77087532.93114999,82016113.05799334,30
2024-10,9,DOGEUSDT,DOGE,62847594.2563,82528431.006798,30
2024-10,10,NEARUSDT,NEAR,43976429.029,52497809.02253,30
2024-10,11,AVAXUSDT,AVAX,40546659.915800005,46998618.20511,30
2024-10,12,AAVEUSDT,AAVE,39441422.357219994,43658364.71111967,30
2024-10,13,TRXUSDT,TRX,39410316.50249,39687751.905886665,30
2024-10,14,RUNEUSDT,RUNE,38255715.38275,38911293.59103667,30
2024-10,15,PEOPLEUSDT,PEOPLE,38019847.139061496,38799273.379258536,30
2024-10,16,SEIUSDT,SEI,36646830.209584996,47495509.578038,30
2024-10,17,FLOKIUSDT,FLOKI,34480093.78821543,42769137.30188705,30
2024-10,18,ARBUSDT,ARB,28753498.29924,32716893.71324967,30
2024-10,19,WLDUSDT,WLD,26079765.85165,40424827.28012,30
2024-10,20,EURUSDT,EUR,25663616.300049998,25732435.311295334,30
2024-10,21,SHIBUSDT,SHIB,25571423.84993038,53968475.95477082,30
2024-10,22,ADAUSDT,ADA,24306313.333375,27127952.946133666,30
2024-10,23,CRVUSDT,CRV,23252861.555685,23601748.127840664,30
2024-10,24,LTCUSDT,LTC,22651012.59189,23877054.427032333,30
2024-10,25,INJUSDT,INJ,21813022.42515,22341512.808023334,30
2024-11,1,BTCUSDT,BTC,1618544686.6933188,1595393539.166815,30
2024-11,2,ETHUSDT,ETH,696184362.8650845,717915682.3269116,30
2024-11,3,SOLUSDT,SOL,478610039.06048,486240524.48229,30
2024-11,4,PEPEUSDT,PEPE,212109169.3761035,235019042.83867663,30
2024-11,5,SUIUSDT,SUI,181164557.604275,202394485.879994,30
2024-11,6,DOGEUSDT,DOGE,179361469.387045,208438855.17328367,30
2024-11,7,BNBUSDT,BNB,114239780.7856,116021697.78987,30
2024-11,8,XRPUSDT,XRP,108237102.55579999,111609653.61380666,30
2024-11,9,WLDUSDT,WLD,61643780.260749996,70956023.23287334,30
2024-11,10,SHIBUSDT,SHIB,61075521.68415356,61832468.51595608,30
2024-11,11,RUNEUSDT,RUNE,49883052.31915,51444829.55911334,30
2024-11,12,APTUSDT,APT,48408797.0866,61170450.8116852,30
2024-11,13,SEIUSDT,SEI,47531434.913279995,52201112.99987666,30
2024-11,14,FETUSDT,FET,46443031.880150005,50813291.329660006,30
2024-11,15,PEOPLEUSDT,PEOPLE,40385761.191517,45825015.4988644,30
2024-11,16,NEARUSDT,NEAR,39719820.02765,43714815.438713335,30
2024-11,17,FLOKIUSDT,FLOKI,39527486.77317025,43306730.42437215,30
2024-11,18,AVAXUSDT,AVAX,39158994.0934,40345300.65017333,30
2024-11,19,TIAUSDT,TIA,36027447.66041,39773106.17353067,30
2024-11,20,TRXUSDT,TRX,34637383.42969,36210350.763620995,30
2024-11,21,ARBUSDT,ARB,30361721.39389,33389328.778729,30
2024-11,22,OGUSDT,OG,29625769.7639,47461600.05433333,30
2024-11,23,ADAUSDT,ADA,27226129.36435,27118638.009674,30
2024-11,24,LINKUSDT,LINK,24969047.3346,26942418.29336,30
2024-11,25,UNIUSDT,UNI,24029907.943695,28183598.040024664,30
2024-12,1,BTCUSDT,BTC,3643077586.79476,3843474137.018389,30
2024-12,2,ETHUSDT,ETH,1879474700.4905338,1948361832.998964,30
2024-12,3,DOGEUSDT,DOGE,1481624826.3746748,1844231203.717893,30
2024-12,4,SOLUSDT,SOL,1133400102.5436049,1173040952.4759321,30
2024-12,5,XRPUSDT,XRP,933103143.13655,972578962.4047661,30
2024-12,6,PEPEUSDT,PEPE,654748461.9402897,891588684.8176371,30
2024-12,7,BNBUSDT,BNB,369536208.637005,387070214.419905,30
2024-12,8,ADAUSDT,ADA,363897897.30500495,372534113.3342997,30
2024-12,9,SUIUSDT,SUI,311724610.24903,326480008.09833264,30
2024-12,10,SHIBUSDT,SHIB,229274321.3114937,320089552.89198995,30
2024-12,11,XLMUSDT,XLM,134783317.48455,259402891.13421315,30
2024-12,12,AVAXUSDT,AVAX,130260678.23345,160871426.2843,30
2024-12,13,WLDUSDT,WLD,125038478.0557,165388937.83424667,30
2024-12,14,NEARUSDT,NEAR,117903136.3919,119215878.64776333,30
2024-12,15,ARBUSDT,ARB,108386576.66345501,109311386.95171167,30
2024-12,16,FLOKIUSDT,FLOKI,106636124.59100096,141724119.8200566,30
2024-12,17,FETUSDT,FET,105574723.49970001,111911622.74947,30
2024-12,18,DOTUSDT,DOT,99702162.85719001,118348857.38074265,30
2024-12,19,TRXUSDT,TRX,93621007.06634,103039629.897589,30
2024-12,20,APTUSDT,APT,87549063.92005,98509155.60844131,30
2024-12,21,LTCUSDT,LTC,86740440.602065,104507844.60754466,30
2024-12,22,HBARUSDT,HBAR,86243161.201885,126833507.88209334,30
2024-12,23,LINKUSDT,LINK,83067061.829,90904197.88889533,30
2024-12,24,RUNEUSDT,RUNE,77628789.30315,87613839.98487332,30
2024-12,25,SEIUSDT,SEI,71344499.88170001,95630945.24001567,30
2025-01,1,BTCUSDT,BTC,2550846954.7744694,3206581766.567422,30
2025-01,2,ETHUSDT,ETH,1572006218.0819316,1923388866.5914915,30
2025-01,3,XRPUSDT,XRP,1145368773.53755,1398094003.6219475,30
2025-01,4,SOLUSDT,SOL,739975571.046955,865230169.1272796,30
2025-01,5,DOGEUSDT,DOGE,680343790.55972,1020213036.8933364,30
2025-01,6,PEPEUSDT,PEPE,530325504.5727952,635254913.5279297,30
2025-01,7,BNBUSDT,BNB,351544800.665275,429914954.280546,30
2025-01,8,SUIUSDT,SUI,337027083.100025,378388412.2533303,30
2025-01,9,TRXUSDT,TRX,260409067.29141498,364348830.80610067,30
2025-01,10,ADAUSDT,ADA,230182889.879045,296945311.7375627,30
2025-01,11,LINKUSDT,LINK,210191578.37150002,242009359.09273466,30
2025-01,12,HBARUSDT,HBAR,202397380.903495,286088868.4470543,30
2025-01,13,AVAXUSDT,AVAX,122405559.93834999,163348055.8980933,30
2025-01,14,AAVEUSDT,AAVE,118342739.93381,138333621.23241335,30
2025-01,15,WLDUSDT,WLD,111359987.5543,151881719.90701666,30
2025-01,16,UNIUSDT,UNI,107809113.17256999,121475083.44503199,30
2025-01,17,SHIBUSDT,SHIB,107599239.69545358,188489779.80672365,30
2025-01,18,LTCUSDT,LTC,106491642.77493,139672620.099783,30
2025-01,19,DOTUSDT,DOT,102345812.48938501,122798306.30798334,30
2025-01,20,CRVUSDT,CRV,100029118.13507,127460049.721459,30
2025-01,21,XLMUSDT,XLM,95339927.955,129422021.04613334,30
2025-01,22,FLOKIUSDT,FLOKI,83994921.62341341,102479494.24218251,30
2025-01,23,NEARUSDT,NEAR,82860697.40015,103850239.21880667,30
2025-01,24,APTUSDT,APT,82628945.42125,96121616.36150603,30
2025-01,25,ARBUSDT,ARB,82448735.232075,101054553.06704167,30
2025-02,1,BTCUSDT,BTC,2531041904.0783343,2835205109.448589,30
2025-02,2,ETHUSDT,ETH,1501159944.6814756,1600475017.037502,30
2025-02,3,XRPUSDT,XRP,833314289.4448,1099389764.0886886,30
2025-02,4,SOLUSDT,SOL,809725648.88375,1342189209.0879009,30
2025-02,5,DOGEUSDT,DOGE,544898801.44865,654481624.7892361,30
2025-02,6,SUIUSDT,SUI,300170240.386805,334425631.63984567,30
2025-02,7,PEPEUSDT,PEPE,286136047.8832575,326119531.266011,30
2025-02,8,ADAUSDT,ADA,195828940.54396498,234715036.15685636,30
2025-02,9,BNBUSDT,BNB,191380129.99919498,198145242.43251067,30
2025-02,10,TRXUSDT,TRX,155505627.09954,191527190.32946166,30
2025-02,11,LINKUSDT,LINK,127671923.21125,152280847.11679,30
2025-02,12,HBARUSDT,HBAR,116350752.977525,154527924.3111747,30
2025-02,13,WLDUSDT,WLD,102712798.8509,117965572.30250667,30
2025-02,14,LTCUSDT,LTC,84253972.10886,124816562.99934167,30
2025-02,15,XLMUSDT,XLM,78644361.9468,105479443.97374667,30
2025-02,16,AVAXUSDT,AVAX,75400697.5011,87196920.61849667,30
2025-02,17,RUNEUSDT,RUNE,71453855.3074,96221373.07237333,30
2025-02,18,AAVEUSDT,AAVE,64627684.04847,82151576.93813233,30
2025-02,19,SHIBUSDT,SHIB,62877193.14046639,84374272.16313097,30
2025-02,20,FETUSDT,FET,62585373.361949995,63660637.77829,30
2025-02,21,ARBUSDT,ARB,54078183.410565004,61336748.02115734,30
2025-02,22,APTUSDT,APT,53577221.8534,59986999.69800333,30
2025-02,23,NEARUSDT,NEAR,53162742.3473,56307696.66625,30
2025-02,24,GALAUSDT,GALA,52067810.27731,54653368.80816833,30
2025-02,25,UNIUSDT,UNI,49915485.926035,50683455.49820567,30
2025-03,1,BTCUSDT,BTC,2208999155.372324,2668271330.438842,30
2025-03,2,ETHUSDT,ETH,1660795284.275922,1861019003.3488226,30
2025-03,3,SOLUSDT,SOL,704753926.1514299,811957091.89719,30
2025-03,4,XRPUSDT,XRP,559215386.29305,831448498.3395367,30
2025-03,5,DOGEUSDT,DOGE,271919031.229975,351726856.744586,30
2025-03,6,SUIUSDT,SUI,250239209.35688502,285108034.7556523,30
2025-03,7,BNBUSDT,BNB,229184606.0144,299173837.8844153,30
2025-03,8,PEPEUSDT,PEPE,180070213.22509792,221038547.90636364,30
2025-03,9,LTCUSDT,LTC,176608844.5732,189304451.16593635,30
2025-03,10,TRXUSDT,TRX,122594778.794005,161235279.97891566,30
2025-03,11,ADAUSDT,ADA,121725932.47185999,156205939.874834,30
2025-03,12,LINKUSDT,LINK,81258103.90619999,103218323.60868333,30
2025-03,13,RUNEUSDT,RUNE,72399463.7739,113785899.05228,30
2025-03,14,HBARUSDT,HBAR,69234142.08605,89446720.97053033,30
2025-03,15,OMUSDT,OM,67315281.8298,78803980.31024,30
2025-03,16,APTUSDT,APT,61266379.4059,66069000.76948,30
2025-03,17,AVAXUSDT,AVAX,54573326.3769,75052573.33564,30
2025-03,18,AAVEUSDT,AAVE,51953420.909710005,60124309.78768233,30
2025-03,19,WLDUSDT,WLD,50397196.7777,60111649.099419996,30
2025-03,20,CAKEUSDT,CAKE,44034688.96109,69288257.58871867,30
2025-03,21,NEARUSDT,NEAR,42368544.867850006,50311956.26462,30
2025-03,22,LDOUSDT,LDO,39876076.269109994,47033652.13546066,30
2025-03,23,SHIBUSDT,SHIB,39732664.94913091,53097796.74764975,30
2025-03,24,DOTUSDT,DOT,34929868.054995,49342888.15147567,30
2025-03,25,FLOKIUSDT,FLOKI,34624515.807190955,38972999.99171214,30
2025-04,1,BTCUSDT,BTC,1932406756.0269728,2226050262.630203,30
2025-04,2,ETHUSDT,ETH,861973623.870011,1102600042.4470255,30
2025-04,3,SOLUSDT,SOL,460310707.84329,541896745.6169584,30
2025-04,4,XRPUSDT,XRP,449075128.34685004,571342556.3028266,30
2025-04,5,BNBUSDT,BNB,183131228.64333,219218101.03546366,30
2025-04,6,PEPEUSDT,PEPE,172189569.78538746,168016272.25639912,30
2025-04,7,DOGEUSDT,DOGE,166061097.426855,196151992.72497332,30
2025-04,8,SUIUSDT,SUI,134535399.123525,164649567.36340266,30
2025-04,9,ADAUSDT,ADA,122524718.83996001,242160884.06057167,30
2025-04,10,TRXUSDT,TRX,99006953.13853,113409692.05928832,30
2025-04,11,LTCUSDT,LTC,56107880.68858001,75619724.03695501,30
2025-04,12,LINKUSDT,LINK,48681413.0289,69954563.13031334,30
2025-04,13,AVAXUSDT,AVAX,48426924.663049996,58927606.779183336,30
2025-04,14,WIFUSDT,WIF,43804575.985929996,55740927.460697666,30
2025-04,15,HBARUSDT,HBAR,39980969.418995,58715379.32875433,30
2025-04,16,EURUSDT,EUR,34107073.44411,34824697.91517333,30
2025-04,17,AAVEUSDT,AAVE,30881209.70228,45240249.72113167,30
2025-04,18,NEARUSDT,NEAR,29612685.299000002,36878569.77493667,30
2025-04,19,RUNEUSDT,RUNE,28910583.80265,38630855.74848667,30
2025-04,20,CAKEUSDT,CAKE,28867228.913145,53697787.55976067,30
2025-04,21,WLDUSDT,WLD,26466815.0123,31629355.436893333,30
2025-04,22,DOTUSDT,DOT,26053218.584485,29461015.670076333,30
2025-04,23,CRVUSDT,CRV,23440467.44145,25389811.363543,30
2025-04,24,SHIBUSDT,SHIB,22385766.09188846,30237556.99101699,30
2025-04,25,SEIUSDT,SEI,20237251.71911,23328105.948195,30
2025-05,1,BTCUSDT,BTC,2089319685.9972136,2256530666.79125,30
2025-05,2,ETHUSDT,ETH,948435087.092519,1105996140.6195014,30
2025-05,3,SOLUSDT,SOL,537101098.616045,569428593.916111,30
2025-05,4,XRPUSDT,XRP,361818027.49311996,415743262.544638,30
2025-05,5,SUIUSDT,SUI,210693224.52100998,232090858.30167666,30
2025-05,6,PEPEUSDT,PEPE,144879100.15427357,160924943.8253816,30
2025-05,7,DOGEUSDT,DOGE,142652173.76218998,168107736.116801,30
2025-05,8,BNBUSDT,BNB,104243288.894095,135458157.36409268,30
2025-05,9,TRXUSDT,TRX,103662357.9871,102946497.25514399,30
2025-05,10,ADAUSDT,ADA,79836220.25789,88368208.58283733,30
2025-05,11,AVAXUSDT,AVAX,46079720.99155,46963006.14556667,30
2025-05,12,LINKUSDT,LINK,41022818.2465,47696692.19247333,30
2025-05,13,ENAUSDT,ENA,38161217.1859295,41913950.3796406,30
2025-05,14,OMUSDT,OM,36443053.359265,81639733.51176234,30
2025-05,15,CRVUSDT,CRV,36205899.698705,37966788.729716666,30
2025-05,16,LTCUSDT,LTC,36131070.49932,40006937.677767664,30
2025-05,17,WIFUSDT,WIF,35773153.92729,40191862.573274,30
2025-05,18,HBARUSDT,HBAR,33100705.403844997,36548018.92830233,30
2025-05,19,TAOUSDT,TAO,32939113.79696,39724596.67618933,30
2025-05,20,AAVEUSDT,AAVE,26979384.102035,28864274.710178003,30
2025-05,21,NEARUSDT,NEAR,25685966.87815,28762261.658806667,30
2025-05,22,EURUSDT,EUR,25268214.351025,26815584.618130334,30
2025-05,23,FETUSDT,FET,22603361.4364,23660913.342376664,30
2025-05,24,WLDUSDT,WLD,21817153.38165,30997038.810126666,30
2025-05,25,BONKUSDT,BONK,21129875.951806135,32376898.261440862,30
2025-06,1,ETHUSDT,ETH,1970002872.058022,1734632241.910523,30
2025-06,2,BTCUSDT,BTC,1861782625.8708146,2144357780.8754008,30
2025-06,3,SOLUSDT,SOL,500311895.20788,556653307.2870344,30
2025-06,4,PEPEUSDT,PEPE,365372969.9957102,393330253.60155463,30
2025-06,5,XRPUSDT,XRP,299698760.65094,350867380.1039457,30
2025-06,6,SUIUSDT,SUI,259812800.02254498,282148322.5071627,30
2025-06,7,DOGEUSDT,DOGE,244575956.069915,290910332.0611657,30
2025-06,8,BNBUSDT,BNB,140313297.451505,174824372.18382436,30
2025-06,9,TRXUSDT,TRX,116867134.06305,128866208.55842067,30
2025-06,10,ADAUSDT,ADA,89231402.782105,100773692.59509666,30
2025-06,11,ENAUSDT,ENA,85408922.66403049,80107042.1244805,30
2025-06,12,WIFUSDT,WIF,80395105.20502,102656106.04632634,30
2025-06,13,LINKUSDT,LINK,59061150.00495,59924185.44161,30
2025-06,14,LTCUSDT,LTC,57495940.79441,59680377.249978,30
2025-06,15,AVAXUSDT,AVAX,53665186.2405,61060889.13348,30
2025-06,16,WLDUSDT,WLD,50561683.674899995,62178403.34352334,30
2025-06,17,UNIUSDT,UNI,48239684.622329995,51588723.43215133,30
2025-06,18,AAVEUSDT,AAVE,47124288.430565,49042708.23071334,30
2025-06,19,ETHFIUSDT,ETHFI,42335653.6809,46408824.262786664,30
2025-06,20,TAOUSDT,TAO,36417315.3828,39794035.17587533,30
2025-06,21,BONKUSDT,BONK,35889464.23177824,50582839.294980936,30
2025-06,22,NEARUSDT,NEAR,32914432.390649997,34427088.09091333,30
2025-06,23,ARBUSDT,ARB,28614631.622635,34095487.096528664,30
2025-06,24,FETUSDT,FET,28501941.2034,30926548.95537,30
2025-06,25,CRVUSDT,CRV,26650465.981990002,27839655.29620067,30
2025-07,1,BTCUSDT,BTC,1448133832.0564198,1503751352.3378832,30
2025-07,2,ETHUSDT,ETH,1220592341.5978336,1371726249.6742814,30
2025-07,3,SOLUSDT,SOL,411722348.239525,440037785.5932363,30
2025-07,4,XRPUSDT,XRP,249362178.30527502,242307855.77494064,30
2025-07,5,PEPEUSDT,PEPE,165175716.2745967,202777193.38599166,30
2025-07,6,SUIUSDT,SUI,130900243.516725,132295915.39302701,30
2025-07,7,DOGEUSDT,DOGE,119657066.41218999,137121480.58923066,30
2025-07,8,BNBUSDT,BNB,87643841.55346,89855455.60384133,30
2025-07,9,TRXUSDT,TRX,69075627.31199,94706434.66110666,30
2025-07,10,UNIUSDT,UNI,67717578.188805,75630007.99820267,30
2025-07,11,ADAUSDT,ADA,64745628.205194995,67729961.461874,30
2025-07,12,WIFUSDT,WIF,50162585.09026,55870048.771517664,30
2025-07,13,ENAUSDT,ENA,48086283.249486,51532673.92399623,30
2025-07,14,AAVEUSDT,AAVE,42243444.697825,50724248.99199633,30
2025-07,15,AVAXUSDT,AVAX,37251181.23655,40317163.19352333,30
2025-07,16,LINKUSDT,LINK,32988065.2487,37767994.9603,30
2025-07,17,TAOUSDT,TAO,32296585.90022,31809754.635041334,30
2025-07,18,WLDUSDT,WLD,32233178.4536,31210599.500660002,30
2025-07,19,BCHUSDT,BCH,28916092.60475,29793897.353153333,30
2025-07,20,LTCUSDT,LTC,26182617.892185,28102816.48511,30
2025-07,21,ARBUSDT,ARB,25529799.286445,28410983.737000667,30
2025-07,22,ETHFIUSDT,ETHFI,25378429.1469,24316532.912376665,30
2025-07,23,NEARUSDT,NEAR,23070764.043899998,23137903.229656663,30
2025-07,24,SEIUSDT,SEI,22935866.388195,48713063.653892666,30
2025-07,25,EURUSDT,EUR,22922970.606445,23711098.777229667,30
2025-08,1,ETHUSDT,ETH,2157349325.4622927,2063628112.0880344,26
2025-08,2,BTCUSDT,BTC,1625495835.3513715,1767170511.6877303,26
2025-08,3,XRPUSDT,XRP,728539775.583145,792617316.1553934,26
2025-08,4,SOLUSDT,SOL,497861432.99579,609702269.2401788,26
2025-08,5,DOGEUSDT,DOGE,250747584.90524,358574472.9288327,26
2025-08,6,SUIUSDT,SUI,231401767.97985,211492631.2779781,26
2025-08,7,PEPEUSDT,PEPE,228323180.97654843,252574018.07928464,26
2025-08,8,BONKUSDT,BONK,148511881.27550602,152197290.67318055,26
2025-08,9,BNBUSDT,BNB,141422349.38435,171183551.3831948,26
2025-08,10,ADAUSDT,ADA,130645440.22976,145001564.07292423,26
2025-08,11,TRXUSDT,TRX,112789538.421165,135954482.44909117,26
2025-08,12,HBARUSDT,HBAR,103451521.305805,96660354.91793193,26
2025-08,13,UNIUSDT,UNI,96775100.714905,102009519.59689616,26
2025-08,14,ENAUSDT,ENA,85795640.9344325,133427253.64398688,26
2025-08,15,WIFUSDT,WIF,77121448.38732,82412592.93027231,26
2025-08,16,XLMUSDT,XLM,68521319.7044,98343302.4681077,26
2025-08,17,LINKUSDT,LINK,60723576.29845,64557394.52535384,26
2025-08,18,AVAXUSDT,AVAX,57250019.758049995,60240925.56939231,26
2025-08,19,AAVEUSDT,AAVE,53608933.34528,55418874.14366346,26
2025-08,20,LTCUSDT,LTC,50320399.641525,69680660.11240424,26
2025-08,21,SEIUSDT,SEI,47525889.540285006,55523730.560030386,26
2025-08,22,WLDUSDT,WLD,42473513.5538,48420354.65455769,26
2025-08,23,CRVUSDT,CRV,41271746.59273,49686610.44775769,26
2025-08,24,FLOKIUSDT,FLOKI,40476254.88919059,54451107.374134704,26
2025-08,25,ARBUSDT,ARB,37685910.159585,43851222.44804808,26
