timestamp,open,high,low,close,volume,asset,hl_symbol
2025-05-14 17:29:59,0.43136,0.43169,0.42457,0.42756,51438.5,OM,OM
2025-05-14 17:59:59,0.42942,0.43195,0.42942,0.43187,8756.7,OM,OM
2025-05-14 18:29:59,0.43213,0.43312,0.42959,0.42986,63664.4,OM,OM
2025-05-14 18:59:59,0.42919,0.43019,0.42824,0.42928,10198.7,OM,OM
2025-05-14 19:29:59,0.4282,0.43133,0.4282,0.43017,63083.8,OM,OM
2025-05-14 19:59:59,0.42991,0.43132,0.4288,0.43023,18103.3,OM,OM
2025-05-14 20:29:59,0.43043,0.4321,0.42961,0.42987,10554.3,OM,OM
2025-05-14 20:59:59,0.42889,0.42889,0.42536,0.42574,54803.7,OM,OM
2025-05-14 21:29:59,0.42574,0.42574,0.42216,0.42255,68089.7,OM,OM
2025-05-14 21:59:59,0.42218,0.42588,0.42179,0.42554,7712.6,OM,OM
2025-05-14 22:29:59,0.42572,0.42695,0.42389,0.42389,4535.2,OM,OM
2025-05-14 22:59:59,0.424,0.424,0.41862,0.4207,83592.4,OM,OM
2025-05-14 23:29:59,0.42035,0.42035,0.41819,0.42029,5900.7,OM,OM
2025-05-14 23:59:59,0.42014,0.42289,0.42014,0.42289,27231.2,OM,OM
2025-05-15 00:29:59,0.42296,0.42601,0.42174,0.42344,81270.5,OM,OM
2025-05-15 00:59:59,0.42366,0.4261,0.42286,0.42553,6828.6,OM,OM
2025-05-15 01:29:59,0.42562,0.42652,0.42263,0.42263,12539.3,OM,OM
2025-05-15 01:59:59,0.42273,0.42273,0.41696,0.41907,28767.1,OM,OM
2025-05-15 02:29:59,0.41867,0.42276,0.41867,0.42088,9337.9,OM,OM
2025-05-15 02:59:59,0.42108,0.42321,0.42037,0.42148,22011.1,OM,OM
2025-05-15 03:29:59,0.4224,0.42397,0.42176,0.4233,8483.8,OM,OM
2025-05-15 03:59:59,0.42369,0.42548,0.42151,0.4224,9607.3,OM,OM
2025-05-15 04:29:59,0.42312,0.42523,0.421,0.42442,7625.1,OM,OM
2025-05-15 04:59:59,0.42525,0.42836,0.42373,0.42836,20560.4,OM,OM
2025-05-15 05:29:59,0.42896,0.42957,0.42409,0.42709,134329.3,OM,OM
2025-05-15 05:59:59,0.42611,0.42611,0.41102,0.41354,570308.9,OM,OM
2025-05-15 06:29:59,0.41279,0.41544,0.41023,0.41466,28802.2,OM,OM
2025-05-15 06:59:59,0.4142,0.4142,0.40617,0.41068,42529.9,OM,OM
2025-05-15 07:29:59,0.41073,0.41143,0.40182,0.40345,70725.8,OM,OM
2025-05-15 07:59:59,0.4034,0.40383,0.38633,0.39116,156933.2,OM,OM
2025-05-15 08:29:59,0.39159,0.39864,0.39159,0.39864,53437.9,OM,OM
2025-05-15 08:59:59,0.40013,0.40223,0.39899,0.40055,48234.3,OM,OM
2025-05-15 09:29:59,0.4006,0.40168,0.3991,0.39989,14268.2,OM,OM
2025-05-15 09:59:59,0.39951,0.39951,0.39368,0.39703,38080.0,OM,OM
2025-05-15 10:29:59,0.39632,0.397,0.39445,0.39564,11562.9,OM,OM
2025-05-15 10:59:59,0.39427,0.39445,0.39152,0.39444,46013.3,OM,OM
2025-05-15 11:29:59,0.39482,0.39708,0.39482,0.39651,17800.0,OM,OM
2025-05-15 11:59:59,0.39712,0.39799,0.39566,0.39605,11960.2,OM,OM
2025-05-15 12:29:59,0.39636,0.39688,0.39243,0.39493,26110.5,OM,OM
2025-05-15 12:59:59,0.39374,0.39957,0.39365,0.39482,117162.3,OM,OM
2025-05-15 13:29:59,0.39414,0.3978,0.39414,0.39607,20711.8,OM,OM
2025-05-15 13:59:59,0.39581,0.3972,0.38699,0.39167,70404.5,OM,OM
2025-05-15 14:29:59,0.39256,0.39325,0.38361,0.38947,50499.6,OM,OM
2025-05-15 14:59:59,0.38888,0.38997,0.38593,0.38902,48950.2,OM,OM
2025-05-15 15:29:59,0.39038,0.3938,0.38982,0.3938,53071.2,OM,OM
2025-05-15 15:59:59,0.39433,0.39715,0.39283,0.3968,19442.8,OM,OM
2025-05-15 16:29:59,0.3974,0.39747,0.39403,0.39428,18278.7,OM,OM
2025-05-15 16:59:59,0.39427,0.39944,0.39379,0.39944,66562.0,OM,OM
2025-05-15 17:29:59,0.39919,0.40406,0.39839,0.40211,457350.0,OM,OM
2025-05-15 17:59:59,0.401,0.40327,0.4001,0.40061,25225.2,OM,OM
2025-05-15 18:29:59,0.40034,0.40144,0.39646,0.39646,369160.6,OM,OM
2025-05-15 18:59:59,0.39596,0.39796,0.39067,0.39438,211834.4,OM,OM
2025-05-15 19:29:59,0.39489,0.39667,0.39277,0.39351,58118.1,OM,OM
2025-05-15 19:59:59,0.39399,0.39693,0.39399,0.39588,12360.6,OM,OM
2025-05-15 20:29:59,0.39577,0.39826,0.39143,0.39639,72789.4,OM,OM
2025-05-15 20:59:59,0.39544,0.39673,0.39464,0.39472,22290.3,OM,OM
2025-05-15 21:29:59,0.39489,0.39529,0.38794,0.39149,67602.8,OM,OM
2025-05-15 21:59:59,0.38917,0.39481,0.38917,0.39405,11031.4,OM,OM
2025-05-15 22:29:59,0.39381,0.39719,0.39371,0.39634,28624.3,OM,OM
2025-05-15 22:59:59,0.39654,0.3979,0.39274,0.39274,30963.1,OM,OM
2025-05-15 23:29:59,0.39259,0.39407,0.3858,0.39006,221495.6,OM,OM
2025-05-15 23:59:59,0.39088,0.39577,0.39088,0.39542,13922.7,OM,OM
2025-05-16 00:29:59,0.39552,0.3989,0.39403,0.3989,33753.9,OM,OM
2025-05-16 00:59:59,0.4,0.40429,0.39993,0.40055,318713.1,OM,OM
2025-05-16 01:29:59,0.40066,0.40212,0.39639,0.40209,287546.7,OM,OM
2025-05-16 01:59:59,0.40194,0.408,0.40174,0.40745,316901.7,OM,OM
2025-05-16 02:29:59,0.40754,0.40968,0.40124,0.40295,126532.1,OM,OM
2025-05-16 02:59:59,0.40332,0.40439,0.40122,0.40198,89015.0,OM,OM
2025-05-16 03:29:59,0.4014,0.40429,0.4009,0.40348,12932.4,OM,OM
2025-05-16 03:59:59,0.40306,0.4046,0.4014,0.4014,6355.0,OM,OM
2025-05-16 04:29:59,0.40135,0.40309,0.39992,0.40162,8258.1,OM,OM
2025-05-16 04:59:59,0.40019,0.40039,0.39681,0.39918,6620.7,OM,OM
2025-05-16 05:29:59,0.39947,0.40224,0.39947,0.40158,89738.4,OM,OM
2025-05-16 05:59:59,0.40048,0.40122,0.39947,0.40039,29034.1,OM,OM
2025-05-16 06:29:59,0.39955,0.40086,0.39873,0.39873,4459.8,OM,OM
2025-05-16 06:59:59,0.39898,0.40113,0.39891,0.39927,18919.1,OM,OM
2025-05-16 07:29:59,0.39812,0.40158,0.39666,0.40052,88714.8,OM,OM
2025-05-16 07:59:59,0.4006,0.40145,0.3997,0.40024,4206.6,OM,OM
2025-05-16 08:29:59,0.40029,0.40111,0.39518,0.39549,11573.0,OM,OM
2025-05-16 08:59:59,0.39592,0.39592,0.39278,0.39416,42888.1,OM,OM
2025-05-16 09:29:59,0.39467,0.39912,0.39454,0.39851,10659.7,OM,OM
2025-05-16 09:59:59,0.39834,0.39957,0.39756,0.39939,4776.0,OM,OM
2025-05-16 10:29:59,0.39944,0.39994,0.39836,0.39842,17144.9,OM,OM
2025-05-16 10:59:59,0.39854,0.40306,0.39854,0.40147,62833.0,OM,OM
2025-05-16 11:29:59,0.40137,0.40291,0.39993,0.40045,80174.6,OM,OM
2025-05-16 11:59:59,0.4001,0.40146,0.39956,0.39979,15679.3,OM,OM
2025-05-16 12:29:59,0.40028,0.40116,0.3978,0.39792,16324.9,OM,OM
2025-05-16 12:59:59,0.39813,0.39917,0.39774,0.39788,30198.1,OM,OM
2025-05-16 13:29:59,0.39726,0.40108,0.3972,0.4007,9967.3,OM,OM
2025-05-16 13:59:59,0.40044,0.40326,0.39992,0.40223,185472.4,OM,OM
2025-05-16 14:29:59,0.40227,0.40244,0.39853,0.40219,38846.5,OM,OM
2025-05-16 14:59:59,0.39997,0.40002,0.39714,0.39888,8536.5,OM,OM
2025-05-16 15:29:59,0.39941,0.40281,0.39941,0.40075,12164.5,OM,OM
2025-05-16 15:59:59,0.40176,0.402,0.40051,0.40166,5756.3,OM,OM
2025-05-16 16:29:59,0.40163,0.4034,0.3995,0.39963,16413.6,OM,OM
2025-05-16 16:59:59,0.40089,0.4016,0.39756,0.40094,266105.2,OM,OM
2025-05-16 17:29:59,0.40099,0.40992,0.40035,0.40992,98094.1,OM,OM
2025-05-16 17:59:59,0.41009,0.429,0.40618,0.40966,623359.5,OM,OM
2025-05-16 18:29:59,0.40923,0.41147,0.40151,0.40301,85854.8,OM,OM
2025-05-16 18:59:59,0.40208,0.40582,0.39715,0.39878,150553.4,OM,OM
2025-05-16 19:29:59,0.39857,0.40008,0.39587,0.39947,532109.9,OM,OM
2025-05-16 19:59:59,0.39946,0.40199,0.39902,0.40199,299340.0,OM,OM
2025-05-16 20:29:59,0.40124,0.40124,0.39748,0.39769,99688.2,OM,OM
2025-05-16 20:59:59,0.39732,0.39736,0.39362,0.3964,76808.1,OM,OM
2025-05-16 21:29:59,0.39683,0.39858,0.39621,0.39742,102160.2,OM,OM
2025-05-16 21:59:59,0.39721,0.39782,0.39358,0.39639,66328.7,OM,OM
2025-05-16 22:29:59,0.39616,0.39616,0.38804,0.38976,486268.6,OM,OM
2025-05-16 22:59:59,0.38984,0.38991,0.3722,0.38314,420825.1,OM,OM
2025-05-16 23:29:59,0.38297,0.38624,0.38231,0.38567,33244.8,OM,OM
2025-05-16 23:59:59,0.38607,0.3866,0.38393,0.3845,11705.0,OM,OM
2025-05-17 00:29:59,0.38443,0.38615,0.37909,0.37917,81533.9,OM,OM
2025-05-17 00:59:59,0.3784,0.38143,0.37538,0.37979,54585.3,OM,OM
2025-05-17 01:29:59,0.37879,0.37946,0.375,0.37872,36118.2,OM,OM
2025-05-17 01:59:59,0.37882,0.37882,0.37222,0.37335,52719.6,OM,OM
2025-05-17 02:29:59,0.3738,0.37909,0.37366,0.37909,351424.0,OM,OM
2025-05-17 02:59:59,0.37975,0.38153,0.37812,0.38064,27824.0,OM,OM
2025-05-17 03:29:59,0.38068,0.38068,0.37696,0.37801,9163.8,OM,OM
2025-05-17 03:59:59,0.37989,0.38261,0.37898,0.38182,7938.1,OM,OM
2025-05-17 04:29:59,0.38174,0.38344,0.38135,0.38338,9052.7,OM,OM
2025-05-17 04:59:59,0.38271,0.38315,0.38044,0.38148,9743.3,OM,OM
2025-05-17 05:29:59,0.38134,0.38164,0.37787,0.37908,7315.8,OM,OM
2025-05-17 05:59:59,0.37863,0.37906,0.37582,0.3764,12555.8,OM,OM
2025-05-17 06:29:59,0.37699,0.37807,0.37547,0.37554,30664.3,OM,OM
2025-05-17 06:59:59,0.375,0.37781,0.37492,0.3766,30450.1,OM,OM
2025-05-17 07:29:59,0.37721,0.37915,0.37655,0.37865,18471.5,OM,OM
2025-05-17 07:59:59,0.37805,0.37805,0.37227,0.37275,29265.2,OM,OM
2025-05-17 08:29:59,0.37449,0.37563,0.37351,0.37485,58929.0,OM,OM
2025-05-17 08:59:59,0.37562,0.37583,0.3709,0.37137,83357.4,OM,OM
2025-05-17 09:29:59,0.37083,0.37202,0.36764,0.37061,155042.0,OM,OM
2025-05-17 09:59:59,0.37069,0.37363,0.37069,0.37302,7288.3,OM,OM
2025-05-17 10:29:59,0.37242,0.37418,0.37185,0.37365,11412.4,OM,OM
2025-05-17 10:59:59,0.37353,0.37353,0.37246,0.37311,8299.1,OM,OM
2025-05-17 11:29:59,0.37303,0.37341,0.36966,0.36966,21958.2,OM,OM
2025-05-17 11:59:59,0.37033,0.37335,0.37033,0.37132,30561.1,OM,OM
2025-05-17 12:29:59,0.3712,0.37227,0.37057,0.37208,13748.0,OM,OM
2025-05-17 12:59:59,0.37227,0.37284,0.37136,0.37156,473581.4,OM,OM
2025-05-17 13:29:59,0.37147,0.37179,0.36862,0.37002,155195.1,OM,OM
2025-05-17 13:59:59,0.37004,0.37004,0.36588,0.36783,452987.0,OM,OM
2025-05-17 14:29:59,0.36834,0.37513,0.36834,0.3728,420780.9,OM,OM
2025-05-17 14:59:59,0.37323,0.3738,0.3715,0.37283,10992.3,OM,OM
2025-05-17 15:29:59,0.37375,0.37466,0.37183,0.37458,75147.9,OM,OM
2025-05-17 15:59:59,0.37454,0.37507,0.37208,0.37276,34481.8,OM,OM
2025-05-17 16:29:59,0.37235,0.37333,0.36995,0.36995,110168.1,OM,OM
2025-05-17 16:59:59,0.36905,0.36917,0.36442,0.36917,60823.2,OM,OM
2025-05-17 17:29:59,0.36877,0.3732,0.36877,0.37308,13056.2,OM,OM
2025-05-17 17:59:59,0.37318,0.37356,0.37063,0.37104,34489.0,OM,OM
2025-05-17 18:29:59,0.37077,0.37426,0.36966,0.37334,140113.6,OM,OM
2025-05-17 18:59:59,0.37345,0.37345,0.36986,0.37064,77206.5,OM,OM
2025-05-17 19:29:59,0.37067,0.37406,0.36952,0.37258,119030.3,OM,OM
2025-05-17 19:59:59,0.37258,0.37258,0.37076,0.37126,16853.7,OM,OM
2025-05-17 20:29:59,0.37085,0.37254,0.37003,0.37092,37297.5,OM,OM
2025-05-17 20:59:59,0.37219,0.378,0.37219,0.37651,189942.0,OM,OM
2025-05-17 21:29:59,0.37652,0.37676,0.37391,0.37533,119383.1,OM,OM
2025-05-17 21:59:59,0.37558,0.37678,0.37525,0.37662,9922.1,OM,OM
2025-05-17 22:29:59,0.3766,0.3766,0.37239,0.37239,286761.5,OM,OM
2025-05-17 22:59:59,0.37153,0.37544,0.37153,0.3747,8904.7,OM,OM
2025-05-17 23:29:59,0.37403,0.37585,0.37247,0.37503,8522.1,OM,OM
2025-05-17 23:59:59,0.37506,0.37551,0.37343,0.37493,15769.7,OM,OM
2025-05-18 00:29:59,0.37472,0.37691,0.37472,0.37691,6451.7,OM,OM
2025-05-18 00:59:59,0.37692,0.38058,0.37692,0.38039,275196.3,OM,OM
2025-05-18 01:29:59,0.38123,0.38309,0.38024,0.38098,38172.1,OM,OM
2025-05-18 01:59:59,0.38107,0.39039,0.38067,0.3896,79932.5,OM,OM
2025-05-18 02:29:59,0.39076,0.39366,0.38737,0.39366,100772.0,OM,OM
2025-05-18 02:59:59,0.3914,0.39183,0.38767,0.38767,39260.5,OM,OM
2025-05-18 03:29:59,0.38789,0.38789,0.38376,0.38479,43154.2,OM,OM
2025-05-18 03:59:59,0.38527,0.38773,0.38469,0.38481,10553.9,OM,OM
2025-05-18 04:29:59,0.38436,0.39129,0.38421,0.3898,15202.7,OM,OM
2025-05-18 04:59:59,0.39053,0.39131,0.38879,0.39085,39067.6,OM,OM
2025-05-18 05:29:59,0.38929,0.38953,0.38766,0.38899,59873.2,OM,OM
2025-05-18 05:59:59,0.38901,0.38958,0.38671,0.38897,10592.1,OM,OM
2025-05-18 06:29:59,0.38914,0.38914,0.38531,0.38593,86572.1,OM,OM
2025-05-18 06:59:59,0.38491,0.38535,0.38398,0.38458,19404.4,OM,OM
2025-05-18 07:29:59,0.38365,0.38505,0.38353,0.38504,8308.6,OM,OM
2025-05-18 07:59:59,0.3851,0.38674,0.38424,0.38662,7796.1,OM,OM
2025-05-18 08:29:59,0.3863,0.38933,0.3861,0.38933,9914.4,OM,OM
2025-05-18 08:59:59,0.39023,0.3917,0.38862,0.39144,43659.9,OM,OM
2025-05-18 09:29:59,0.39179,0.3932,0.38862,0.39028,20603.1,OM,OM
2025-05-18 09:59:59,0.39012,0.39013,0.38666,0.38912,13181.3,OM,OM
2025-05-18 10:29:59,0.38946,0.39163,0.38876,0.38876,13229.2,OM,OM
2025-05-18 10:59:59,0.38902,0.39069,0.38902,0.39038,6287.6,OM,OM
2025-05-18 11:29:59,0.38892,0.39166,0.38853,0.39039,7018.5,OM,OM
2025-05-18 11:59:59,0.39018,0.39176,0.38769,0.38769,13688.4,OM,OM
2025-05-18 12:29:59,0.3877,0.39064,0.38565,0.38978,14921.8,OM,OM
2025-05-18 12:59:59,0.38988,0.39114,0.38964,0.39093,4878.7,OM,OM
2025-05-18 13:29:59,0.39108,0.39255,0.39071,0.39255,11721.3,OM,OM
2025-05-18 13:59:59,0.39227,0.39347,0.39107,0.39272,13769.9,OM,OM
2025-05-18 14:29:59,0.39392,0.39431,0.39257,0.39327,10951.3,OM,OM
2025-05-18 14:59:59,0.39354,0.39654,0.39348,0.39348,204418.9,OM,OM
2025-05-18 15:29:59,0.39383,0.39586,0.39333,0.39546,174251.0,OM,OM
2025-05-18 15:59:59,0.39504,0.39789,0.39457,0.39457,38508.0,OM,OM
2025-05-18 16:29:59,0.39462,0.39572,0.39365,0.39385,6796.0,OM,OM
2025-05-18 16:59:59,0.39439,0.39439,0.39172,0.3934,120873.4,OM,OM
2025-05-18 17:29:59,0.39273,0.39288,0.38836,0.39049,37968.0,OM,OM
2025-05-18 17:59:59,0.39124,0.39124,0.38614,0.38614,15614.3,OM,OM
2025-05-18 18:29:59,0.38601,0.38675,0.38122,0.38637,31523.1,OM,OM
2025-05-18 18:59:59,0.386,0.3911,0.38563,0.3911,7025.4,OM,OM
2025-05-18 19:29:59,0.39021,0.39095,0.38621,0.38735,300954.0,OM,OM
2025-05-18 19:59:59,0.38707,0.38707,0.38266,0.38408,34162.3,OM,OM
2025-05-18 20:29:59,0.38283,0.38283,0.37111,0.37516,570287.5,OM,OM
2025-05-18 20:59:59,0.374,0.37942,0.374,0.37942,13141.9,OM,OM
2025-05-18 21:29:59,0.38007,0.38514,0.37966,0.38514,10067.9,OM,OM
2025-05-18 21:59:59,0.38406,0.38555,0.38201,0.38352,12955.6,OM,OM
2025-05-18 22:29:59,0.3837,0.3851,0.37982,0.3851,9106.7,OM,OM
2025-05-18 22:59:59,0.38465,0.39042,0.38465,0.39034,12784.6,OM,OM
2025-05-18 23:29:59,0.3891,0.3891,0.38696,0.38882,17784.0,OM,OM
2025-05-18 23:59:59,0.38912,0.39412,0.38912,0.39275,631403.1,OM,OM
2025-05-19 00:29:59,0.39288,0.39332,0.38623,0.38775,1153769.8,OM,OM
2025-05-19 00:59:59,0.3875,0.38783,0.38432,0.38625,73479.0,OM,OM
2025-05-19 01:29:59,0.38446,0.38623,0.38275,0.38544,41932.5,OM,OM
2025-05-19 01:59:59,0.38601,0.38646,0.38353,0.38487,6608.8,OM,OM
2025-05-19 02:29:59,0.38445,0.38521,0.38066,0.38264,13138.9,OM,OM
2025-05-19 02:59:59,0.38249,0.38429,0.38128,0.38159,7053.8,OM,OM
2025-05-19 03:29:59,0.38113,0.38144,0.37837,0.38026,8142.5,OM,OM
2025-05-19 03:59:59,0.37976,0.38026,0.37633,0.37809,9020.2,OM,OM
2025-05-19 04:29:59,0.37791,0.3792,0.37392,0.37534,21522.7,OM,OM
2025-05-19 04:59:59,0.37476,0.37477,0.37217,0.3735,23336.3,OM,OM
2025-05-19 05:29:59,0.37356,0.37635,0.37356,0.37628,9014.7,OM,OM
2025-05-19 05:59:59,0.37609,0.37852,0.37578,0.37823,13796.2,OM,OM
2025-05-19 06:29:59,0.3782,0.3824,0.3779,0.37857,16553.3,OM,OM
2025-05-19 06:59:59,0.37743,0.37757,0.37292,0.37292,72160.1,OM,OM
2025-05-19 07:29:59,0.37348,0.37681,0.37337,0.37459,11320.3,OM,OM
2025-05-19 07:59:59,0.37531,0.376,0.37497,0.37556,10490.6,OM,OM
2025-05-19 08:29:59,0.37571,0.37715,0.37182,0.37597,23303.9,OM,OM
2025-05-19 08:59:59,0.37515,0.37544,0.37089,0.37183,15727.6,OM,OM
2025-05-19 09:29:59,0.37171,0.37389,0.36927,0.37307,46432.9,OM,OM
2025-05-19 09:59:59,0.37348,0.37552,0.37222,0.3729,8162.0,OM,OM
2025-05-19 10:29:59,0.37291,0.37527,0.3701,0.37501,23976.2,OM,OM
2025-05-19 10:59:59,0.37527,0.37583,0.37329,0.37434,8783.1,OM,OM
2025-05-19 11:29:59,0.37415,0.37554,0.37203,0.37222,8888.5,OM,OM
2025-05-19 11:59:59,0.37243,0.37505,0.37243,0.37451,5800.4,OM,OM
2025-05-19 12:29:59,0.37495,0.37501,0.37241,0.37411,18082.1,OM,OM
2025-05-19 12:59:59,0.37421,0.37486,0.37118,0.37248,8057.1,OM,OM
2025-05-19 13:29:59,0.37281,0.37597,0.37281,0.37597,18820.1,OM,OM
2025-05-19 13:59:59,0.37664,0.37973,0.37664,0.37823,16663.7,OM,OM
2025-05-19 14:29:59,0.3783,0.38094,0.37708,0.37868,9647.9,OM,OM
2025-05-19 14:59:59,0.37915,0.38484,0.37915,0.38221,527687.9,OM,OM
2025-05-19 15:29:59,0.38217,0.38252,0.38011,0.38049,47964.7,OM,OM
2025-05-19 15:59:59,0.38097,0.38341,0.38097,0.38278,9035.5,OM,OM
2025-05-19 16:29:59,0.38212,0.38519,0.38109,0.38514,18060.1,OM,OM
2025-05-19 16:59:59,0.38569,0.38771,0.38374,0.38748,14497.2,OM,OM
2025-05-19 17:29:59,0.38778,0.39084,0.38744,0.38845,42239.2,OM,OM
2025-05-19 17:59:59,0.38771,0.3908,0.38714,0.3908,22977.3,OM,OM
2025-05-19 18:29:59,0.3911,0.39192,0.38708,0.38743,9532.3,OM,OM
2025-05-19 18:59:59,0.38677,0.38922,0.38493,0.38812,14028.9,OM,OM
2025-05-19 19:29:59,0.38844,0.38977,0.38707,0.38865,7411.1,OM,OM
2025-05-19 19:59:59,0.38895,0.39137,0.38895,0.38982,17722.6,OM,OM
2025-05-19 20:29:59,0.39079,0.3912,0.38893,0.38933,9556.6,OM,OM
2025-05-19 20:59:59,0.38894,0.38902,0.3875,0.38756,5131.7,OM,OM
2025-05-19 21:29:59,0.38691,0.38732,0.38446,0.38446,6100.3,OM,OM
2025-05-19 21:59:59,0.38492,0.38786,0.38492,0.3878,6263.6,OM,OM
2025-05-19 22:29:59,0.38733,0.38805,0.3867,0.38737,29380.9,OM,OM
2025-05-19 22:59:59,0.38765,0.38917,0.38757,0.38827,3779.6,OM,OM
2025-05-19 23:29:59,0.38771,0.38979,0.38771,0.38853,9928.9,OM,OM
2025-05-19 23:59:59,0.38845,0.39029,0.38845,0.38997,7936.2,OM,OM
2025-05-20 00:29:59,0.39015,0.39214,0.38898,0.38938,7454.1,OM,OM
2025-05-20 00:59:59,0.38969,0.39031,0.38803,0.38877,12075.2,OM,OM
2025-05-20 01:29:59,0.38875,0.39001,0.3882,0.38957,4981.6,OM,OM
2025-05-20 01:59:59,0.38976,0.39149,0.38976,0.39078,33302.5,OM,OM
2025-05-20 02:29:59,0.391,0.3924,0.39091,0.39186,15244.2,OM,OM
2025-05-20 02:59:59,0.39094,0.39182,0.39004,0.39018,14150.5,OM,OM
2025-05-20 03:29:59,0.39025,0.39113,0.38853,0.39006,11128.1,OM,OM
2025-05-20 03:59:59,0.38979,0.38979,0.38814,0.38938,6265.0,OM,OM
2025-05-20 04:29:59,0.38936,0.38964,0.38852,0.38916,6177.0,OM,OM
2025-05-20 04:59:59,0.38908,0.3911,0.38896,0.39027,4844.5,OM,OM
2025-05-20 05:29:59,0.39034,0.3911,0.38932,0.39046,7618.2,OM,OM
2025-05-20 05:59:59,0.39051,0.3908,0.38923,0.38936,16204.5,OM,OM
2025-05-20 06:29:59,0.38944,0.39006,0.38783,0.38852,13759.2,OM,OM
2025-05-20 06:59:59,0.38924,0.39242,0.38839,0.39242,9491.4,OM,OM
2025-05-20 07:29:59,0.39269,0.39339,0.39053,0.39053,16414.2,OM,OM
2025-05-20 07:59:59,0.39092,0.39097,0.38881,0.38941,24050.1,OM,OM
2025-05-20 08:29:59,0.38894,0.38996,0.38619,0.38784,18749.1,OM,OM
2025-05-20 08:59:59,0.38753,0.38936,0.38753,0.38892,6802.5,OM,OM
2025-05-20 09:29:59,0.38875,0.38974,0.38693,0.3873,7314.9,OM,OM
2025-05-20 09:59:59,0.38725,0.389,0.38725,0.38821,4828.9,OM,OM
2025-05-20 10:29:59,0.38817,0.38909,0.3861,0.38662,13926.9,OM,OM
2025-05-20 10:59:59,0.38605,0.38696,0.38511,0.38647,13344.6,OM,OM
2025-05-20 11:29:59,0.38665,0.38665,0.38413,0.38575,7219.0,OM,OM
2025-05-20 11:59:59,0.38619,0.38857,0.38619,0.38732,59619.7,OM,OM
2025-05-20 12:29:59,0.38729,0.38825,0.38552,0.38552,9217.9,OM,OM
2025-05-20 12:59:59,0.38537,0.38606,0.3824,0.38315,5593.2,OM,OM
2025-05-20 13:29:59,0.38443,0.38443,0.38129,0.38174,21939.3,OM,OM
2025-05-20 13:59:59,0.3815,0.38217,0.37694,0.37904,17863.2,OM,OM
2025-05-20 14:29:59,0.37885,0.3808,0.37655,0.37883,296686.4,OM,OM
2025-05-20 14:59:59,0.37917,0.38067,0.37718,0.37936,9544.2,OM,OM
2025-05-20 15:29:59,0.37928,0.38241,0.37928,0.38194,6660.5,OM,OM
2025-05-20 15:59:59,0.38269,0.38424,0.38137,0.38352,23354.1,OM,OM
2025-05-20 16:29:59,0.38342,0.38463,0.37846,0.37853,17775.4,OM,OM
2025-05-20 16:59:59,0.3784,0.3792,0.37673,0.37691,169394.1,OM,OM
2025-05-20 17:29:59,0.37662,0.38142,0.37662,0.3812,76553.9,OM,OM
2025-05-20 17:59:59,0.38118,0.38241,0.37977,0.38173,7811.1,OM,OM
2025-05-20 18:29:59,0.38169,0.3818,0.37807,0.37807,10360.9,OM,OM
2025-05-20 18:59:59,0.37797,0.37953,0.37432,0.37507,8229.6,OM,OM
2025-05-20 19:29:59,0.37507,0.37813,0.37358,0.37813,6792.2,OM,OM
2025-05-20 19:59:59,0.37792,0.38147,0.37792,0.38082,12106.4,OM,OM
2025-05-20 20:29:59,0.38,0.38258,0.37917,0.38178,8814.6,OM,OM
2025-05-20 20:59:59,0.38203,0.38676,0.38182,0.38643,9781.0,OM,OM
2025-05-20 21:29:59,0.38676,0.38903,0.38542,0.38799,28472.4,OM,OM
2025-05-20 21:59:59,0.38695,0.38886,0.38682,0.38795,8152.0,OM,OM
2025-05-20 22:29:59,0.38777,0.3879,0.3833,0.38476,7072.6,OM,OM
2025-05-20 22:59:59,0.38458,0.38566,0.38382,0.38549,4909.2,OM,OM
2025-05-20 23:29:59,0.38562,0.38862,0.38517,0.38732,6947.6,OM,OM
2025-05-20 23:59:59,0.38708,0.38741,0.38577,0.38628,96543.1,OM,OM
2025-05-21 00:29:59,0.38594,0.38729,0.38427,0.38443,16207.5,OM,OM
2025-05-21 00:59:59,0.38458,0.38569,0.38353,0.38457,4822.0,OM,OM
2025-05-21 01:29:59,0.38489,0.38667,0.38332,0.38517,7741.6,OM,OM
2025-05-21 01:59:59,0.3849,0.38654,0.38446,0.38446,5296.4,OM,OM
2025-05-21 02:29:59,0.38461,0.38461,0.38015,0.38116,18202.6,OM,OM
2025-05-21 02:59:59,0.38105,0.49157,0.38105,0.45794,3709938.0,OM,OM
2025-05-21 03:29:59,0.45794,0.46213,0.43114,0.43941,1807903.3,OM,OM
2025-05-21 03:59:59,0.43941,0.4455,0.43603,0.44477,335957.2,OM,OM
2025-05-21 04:29:59,0.44477,0.46213,0.44409,0.4551,340335.3,OM,OM
2025-05-21 04:59:59,0.45582,0.46196,0.43864,0.446,351409.8,OM,OM
2025-05-21 05:29:59,0.44627,0.44987,0.43781,0.4469,295564.3,OM,OM
2025-05-21 05:59:59,0.4475,0.4579,0.44713,0.45629,350797.8,OM,OM
2025-05-21 06:29:59,0.45402,0.46267,0.43048,0.43671,1826706.8,OM,OM
2025-05-21 06:59:59,0.43646,0.43884,0.42878,0.43409,559401.4,OM,OM
2025-05-21 07:29:59,0.43423,0.43568,0.42119,0.42411,415985.9,OM,OM
2025-05-21 07:59:59,0.42245,0.42895,0.41697,0.42679,817506.4,OM,OM
2025-05-21 08:29:59,0.42675,0.43077,0.42339,0.43075,266191.2,OM,OM
2025-05-21 08:59:59,0.4305,0.43912,0.42857,0.43354,496623.3,OM,OM
2025-05-21 09:29:59,0.43317,0.43913,0.43084,0.43484,240878.2,OM,OM
2025-05-21 09:59:59,0.43529,0.43642,0.4278,0.43448,237428.0,OM,OM
2025-05-21 10:29:59,0.43486,0.43566,0.43062,0.43134,65868.5,OM,OM
2025-05-21 10:59:59,0.43024,0.43024,0.42539,0.42732,71593.3,OM,OM
2025-05-21 11:29:59,0.4279,0.4334,0.4241,0.43258,118807.2,OM,OM
2025-05-21 11:59:59,0.43357,0.43357,0.42749,0.42882,88332.4,OM,OM
2025-05-21 12:29:59,0.42854,0.43208,0.42746,0.42871,107314.5,OM,OM
2025-05-21 12:59:59,0.42829,0.42975,0.42238,0.4236,95364.1,OM,OM
2025-05-21 13:29:59,0.42345,0.42529,0.42,0.42227,109795.0,OM,OM
2025-05-21 13:59:59,0.42219,0.42869,0.42206,0.42654,625945.6,OM,OM
2025-05-21 14:29:59,0.42604,0.42823,0.418,0.41803,200931.6,OM,OM
2025-05-21 14:59:59,0.41793,0.42143,0.41429,0.41951,111462.5,OM,OM
2025-05-21 15:29:59,0.42004,0.42453,0.41801,0.42331,782281.6,OM,OM
2025-05-21 15:59:59,0.42325,0.42325,0.41684,0.41736,216643.6,OM,OM
2025-05-21 16:29:59,0.41876,0.42219,0.41566,0.42219,19135.0,OM,OM
2025-05-21 16:59:59,0.4229,0.42658,0.42184,0.42184,33580.4,OM,OM
2025-05-21 17:29:59,0.42144,0.4234,0.4072,0.40846,515351.5,OM,OM
2025-05-21 17:59:59,0.4081,0.41197,0.40504,0.40763,217345.5,OM,OM
2025-05-21 18:29:59,0.40841,0.41158,0.4069,0.4072,14539.9,OM,OM
2025-05-21 18:59:59,0.40725,0.41064,0.40593,0.40594,27859.8,OM,OM
2025-05-21 19:29:59,0.40656,0.40754,0.40388,0.40663,86523.3,OM,OM
2025-05-21 19:59:59,0.4075,0.41262,0.4075,0.41124,22959.0,OM,OM
2025-05-21 20:29:59,0.41167,0.415,0.41082,0.41352,15279.5,OM,OM
2025-05-21 20:59:59,0.41475,0.4153,0.41235,0.41313,37709.0,OM,OM
2025-05-21 21:29:59,0.41293,0.41381,0.41058,0.41159,17466.7,OM,OM
2025-05-21 21:59:59,0.41138,0.412,0.41011,0.41128,5287.1,OM,OM
2025-05-21 22:29:59,0.41117,0.41309,0.41065,0.41298,22967.7,OM,OM
2025-05-21 22:59:59,0.41288,0.4138,0.41116,0.41296,36483.4,OM,OM
2025-05-21 23:29:59,0.41281,0.41813,0.41118,0.41605,184803.6,OM,OM
2025-05-21 23:59:59,0.41705,0.41705,0.41111,0.41227,167477.0,OM,OM
2025-05-22 00:29:59,0.40967,0.41143,0.40624,0.4095,58890.5,OM,OM
2025-05-22 00:59:59,0.40928,0.41228,0.40667,0.41228,18426.9,OM,OM
2025-05-22 01:29:59,0.41259,0.41391,0.41078,0.41231,6728.1,OM,OM
2025-05-22 01:59:59,0.41214,0.41486,0.41073,0.4129,213721.7,OM,OM
2025-05-22 02:29:59,0.4129,0.4153,0.4125,0.41422,90225.3,OM,OM
2025-05-22 02:59:59,0.41437,0.41612,0.41269,0.41277,36827.2,OM,OM
2025-05-22 03:29:59,0.41286,0.41387,0.41101,0.41387,131009.1,OM,OM
2025-05-22 03:59:59,0.41417,0.41658,0.4141,0.41471,66196.7,OM,OM
2025-05-22 04:29:59,0.41584,0.41809,0.41434,0.41697,353473.5,OM,OM
2025-05-22 04:59:59,0.41778,0.41896,0.41482,0.41681,41429.7,OM,OM
2025-05-22 05:29:59,0.41708,0.41756,0.41488,0.41756,30136.5,OM,OM
2025-05-22 05:59:59,0.41746,0.41815,0.4152,0.41521,4841.7,OM,OM
2025-05-22 06:29:59,0.41387,0.41686,0.41387,0.41482,8401.4,OM,OM
2025-05-22 06:59:59,0.41414,0.41423,0.41216,0.41241,78990.7,OM,OM
2025-05-22 07:29:59,0.41408,0.41457,0.41217,0.41241,12482.5,OM,OM
2025-05-22 07:59:59,0.41249,0.41552,0.41249,0.41449,251794.7,OM,OM
2025-05-22 08:29:59,0.41486,0.41885,0.41425,0.41791,42353.5,OM,OM
2025-05-22 08:59:59,0.41734,0.41974,0.41683,0.41883,30381.2,OM,OM
2025-05-22 09:29:59,0.41898,0.42291,0.41889,0.42288,94307.0,OM,OM
2025-05-22 09:59:59,0.42243,0.42259,0.41873,0.4205,59229.2,OM,OM
2025-05-22 10:29:59,0.42028,0.42186,0.41948,0.42156,44838.9,OM,OM
2025-05-22 10:59:59,0.42101,0.42183,0.41778,0.41778,46420.7,OM,OM
2025-05-22 11:29:59,0.41846,0.41906,0.41594,0.41686,25226.5,OM,OM
2025-05-22 11:59:59,0.41781,0.42171,0.41694,0.42003,123871.7,OM,OM
2025-05-22 12:29:59,0.41997,0.42092,0.41759,0.41938,114810.4,OM,OM
2025-05-22 12:59:59,0.41879,0.41917,0.4174,0.41785,123642.9,OM,OM
2025-05-22 13:29:59,0.41763,0.41763,0.4132,0.41559,32433.3,OM,OM
2025-05-22 13:59:59,0.41566,0.41575,0.41241,0.41427,20855.8,OM,OM
2025-05-22 14:29:59,0.41378,0.41682,0.41378,0.41667,15794.1,OM,OM
2025-05-22 14:59:59,0.41689,0.41911,0.41603,0.41799,27118.1,OM,OM
2025-05-22 15:29:59,0.41806,0.41889,0.41644,0.4187,5948.3,OM,OM
2025-05-22 15:59:59,0.41816,0.41978,0.41816,0.41888,36414.3,OM,OM
2025-05-22 16:29:59,0.41893,0.42,0.41698,0.41698,9060.8,OM,OM
2025-05-22 16:59:59,0.41593,0.41725,0.41455,0.41499,6076.1,OM,OM
2025-05-22 17:29:59,0.41546,0.41835,0.41539,0.41782,11273.8,OM,OM
2025-05-22 17:59:59,0.41782,0.41937,0.41721,0.41819,89316.8,OM,OM
2025-05-22 18:29:59,0.41861,0.42,0.41755,0.41945,7389.9,OM,OM
2025-05-22 18:59:59,0.41955,0.42006,0.41863,0.41887,10746.5,OM,OM
2025-05-22 19:29:59,0.41892,0.4191,0.41688,0.41907,30600.9,OM,OM
2025-05-22 19:59:59,0.41909,0.42022,0.418,0.41969,8231.1,OM,OM
2025-05-22 20:29:59,0.42022,0.42244,0.41631,0.41631,103370.2,OM,OM
2025-05-22 20:59:59,0.41631,0.4168,0.41503,0.41605,118251.2,OM,OM
2025-05-22 21:29:59,0.41524,0.41613,0.41432,0.41432,65097.3,OM,OM
2025-05-22 21:59:59,0.41415,0.41588,0.41414,0.41541,7378.6,OM,OM
2025-05-22 22:29:59,0.41638,0.41858,0.41638,0.41858,7429.9,OM,OM
2025-05-22 22:59:59,0.41844,0.4203,0.41844,0.41995,17085.2,OM,OM
2025-05-22 23:29:59,0.42048,0.42191,0.42029,0.42081,75076.6,OM,OM
2025-05-22 23:59:59,0.42088,0.42383,0.42065,0.42291,613769.0,OM,OM
2025-05-23 00:29:59,0.42291,0.42575,0.42175,0.42387,29215.3,OM,OM
2025-05-23 00:59:59,0.42418,0.42689,0.42319,0.42639,22502.3,OM,OM
2025-05-23 01:29:59,0.42681,0.43467,0.42681,0.43142,63573.7,OM,OM
2025-05-23 01:59:59,0.43274,0.4406,0.43187,0.43825,245312.0,OM,OM
2025-05-23 02:29:59,0.43813,0.43816,0.43375,0.4367,8116.9,OM,OM
2025-05-23 02:59:59,0.43796,0.43978,0.43488,0.43595,34817.0,OM,OM
2025-05-23 03:29:59,0.43703,0.43833,0.43329,0.43486,400557.1,OM,OM
2025-05-23 03:59:59,0.43516,0.4356,0.43149,0.43236,142802.7,OM,OM
2025-05-23 04:29:59,0.43266,0.4357,0.42765,0.42917,489934.2,OM,OM
2025-05-23 04:59:59,0.42926,0.42934,0.42493,0.42851,28563.6,OM,OM
2025-05-23 05:29:59,0.42869,0.43101,0.42716,0.42844,12381.1,OM,OM
2025-05-23 05:59:59,0.42688,0.42811,0.42533,0.42761,25050.5,OM,OM
2025-05-23 06:29:59,0.42776,0.42776,0.42105,0.42241,66683.4,OM,OM
2025-05-23 06:59:59,0.42235,0.42343,0.4177,0.41825,739726.2,OM,OM
2025-05-23 07:29:59,0.41909,0.42195,0.41907,0.42067,297528.8,OM,OM
2025-05-23 07:59:59,0.4206,0.42114,0.41633,0.41818,346436.8,OM,OM
2025-05-23 08:29:59,0.41818,0.42125,0.41818,0.42125,95491.1,OM,OM
2025-05-23 08:59:59,0.42077,0.42245,0.4204,0.42133,37926.9,OM,OM
2025-05-23 09:29:59,0.4212,0.42369,0.42091,0.42146,50086.6,OM,OM
2025-05-23 09:59:59,0.42227,0.42428,0.42212,0.42428,8027.0,OM,OM
2025-05-23 10:29:59,0.42428,0.42442,0.41909,0.42021,25502.9,OM,OM
2025-05-23 10:59:59,0.42018,0.42176,0.41807,0.42107,14634.8,OM,OM
2025-05-23 11:29:59,0.42118,0.42158,0.41663,0.41877,8303.2,OM,OM
2025-05-23 11:59:59,0.41867,0.42,0.40118,0.4037,1190492.1,OM,OM
2025-05-23 12:29:59,0.40444,0.40444,0.3885,0.39801,613551.7,OM,OM
2025-05-23 12:59:59,0.39798,0.40022,0.39564,0.39678,76854.9,OM,OM
2025-05-23 13:29:59,0.39721,0.40061,0.39593,0.39939,16063.9,OM,OM
2025-05-23 13:59:59,0.40001,0.40286,0.39928,0.40055,19178.5,OM,OM
2025-05-23 14:29:59,0.40096,0.40252,0.39956,0.40085,9801.3,OM,OM
2025-05-23 14:59:59,0.40127,0.40292,0.40083,0.40135,10753.3,OM,OM
2025-05-23 15:29:59,0.40077,0.40173,0.39781,0.39935,13499.3,OM,OM
2025-05-23 15:59:59,0.39963,0.40074,0.39721,0.39751,6857.3,OM,OM
2025-05-23 16:29:59,0.3974,0.39832,0.39241,0.39788,491450.8,OM,OM
2025-05-23 16:59:59,0.39849,0.39888,0.3956,0.39876,110768.1,OM,OM
2025-05-23 17:29:59,0.39905,0.40117,0.39875,0.40066,273484.8,OM,OM
2025-05-23 17:59:59,0.40037,0.4011,0.39895,0.40083,9464.9,OM,OM
2025-05-23 18:29:59,0.40096,0.40216,0.3992,0.40082,13688.6,OM,OM
2025-05-23 18:59:59,0.40085,0.4015,0.39939,0.39945,93568.4,OM,OM
2025-05-23 19:29:59,0.3998,0.40287,0.3996,0.402,7117.4,OM,OM
2025-05-23 19:59:59,0.40242,0.40305,0.4002,0.4008,13892.0,OM,OM
2025-05-23 20:29:59,0.4009,0.4009,0.39689,0.39866,659734.6,OM,OM
2025-05-23 20:59:59,0.39841,0.39841,0.39505,0.39627,45450.1,OM,OM
2025-05-23 21:29:59,0.39631,0.39983,0.39602,0.3988,8156.0,OM,OM
2025-05-23 21:59:59,0.39819,0.40024,0.39721,0.39786,7571.6,OM,OM
2025-05-23 22:29:59,0.39891,0.40128,0.39891,0.40027,4900.6,OM,OM
2025-05-23 22:59:59,0.39984,0.39984,0.39168,0.39168,54685.5,OM,OM
2025-05-23 23:29:59,0.39212,0.39461,0.39002,0.39105,109296.1,OM,OM
2025-05-23 23:59:59,0.3905,0.39153,0.38699,0.38919,18156.1,OM,OM
2025-05-24 00:29:59,0.39022,0.39432,0.38949,0.39128,13370.4,OM,OM
2025-05-24 00:59:59,0.39096,0.39399,0.39096,0.39207,8289.6,OM,OM
2025-05-24 01:29:59,0.39179,0.39617,0.39179,0.39544,129913.3,OM,OM
2025-05-24 01:59:59,0.39492,0.39609,0.39356,0.39356,35418.6,OM,OM
2025-05-24 02:29:59,0.39346,0.39686,0.39346,0.39551,82363.2,OM,OM
2025-05-24 02:59:59,0.39547,0.39682,0.39461,0.39549,56143.7,OM,OM
2025-05-24 03:29:59,0.39533,0.39766,0.39533,0.39661,126392.7,OM,OM
2025-05-24 03:59:59,0.39581,0.39643,0.39531,0.39635,11989.0,OM,OM
2025-05-24 04:29:59,0.39671,0.39798,0.39607,0.39776,8913.8,OM,OM
2025-05-24 04:59:59,0.39737,0.39954,0.39707,0.39873,47326.2,OM,OM
2025-05-24 05:29:59,0.39934,0.40157,0.39817,0.4015,59628.7,OM,OM
2025-05-24 05:59:59,0.40161,0.40473,0.40014,0.40393,125403.6,OM,OM
2025-05-24 06:29:59,0.40335,0.40586,0.40197,0.40519,77144.3,OM,OM
2025-05-24 06:59:59,0.40429,0.40443,0.40225,0.40258,13168.6,OM,OM
2025-05-24 07:29:59,0.40222,0.40349,0.40101,0.4018,12121.8,OM,OM
2025-05-24 07:59:59,0.40149,0.40214,0.39955,0.40196,14309.0,OM,OM
2025-05-24 08:29:59,0.40245,0.40283,0.40015,0.40096,12411.3,OM,OM
2025-05-24 08:59:59,0.40084,0.40316,0.40023,0.40156,70095.3,OM,OM
2025-05-24 09:29:59,0.40165,0.40386,0.40165,0.40293,71036.2,OM,OM
2025-05-24 09:59:59,0.40361,0.40365,0.40254,0.40313,9120.3,OM,OM
2025-05-24 10:29:59,0.40325,0.40488,0.40156,0.40371,16022.8,OM,OM
2025-05-24 10:59:59,0.40369,0.40521,0.40347,0.40388,14145.3,OM,OM
2025-05-24 11:29:59,0.40381,0.40525,0.40236,0.40272,12387.5,OM,OM
2025-05-24 11:59:59,0.40314,0.40464,0.40229,0.40337,17336.1,OM,OM
2025-05-24 12:29:59,0.4031,0.40707,0.40307,0.40682,41317.2,OM,OM
2025-05-24 12:59:59,0.40707,0.4097,0.4068,0.4097,99470.6,OM,OM
2025-05-24 13:29:59,0.40989,0.41455,0.40946,0.41129,173329.6,OM,OM
2025-05-24 13:59:59,0.41127,0.41176,0.40672,0.40953,14544.2,OM,OM
2025-05-24 14:29:59,0.40851,0.41022,0.40682,0.4091,6623.3,OM,OM
2025-05-24 14:59:59,0.40832,0.41271,0.4079,0.41213,38089.4,OM,OM
2025-05-24 15:29:59,0.41185,0.41515,0.4105,0.41134,50788.6,OM,OM
2025-05-24 15:59:59,0.41213,0.41225,0.40915,0.41204,21083.7,OM,OM
2025-05-24 16:29:59,0.41198,0.4123,0.40805,0.41128,18390.4,OM,OM
2025-05-24 16:59:59,0.4102,0.41143,0.40954,0.41065,4744.3,OM,OM
2025-05-24 17:29:59,0.40977,0.41093,0.40602,0.4084,14340.8,OM,OM
2025-05-24 17:59:59,0.40837,0.4099,0.40722,0.40894,6138.8,OM,OM
2025-05-24 18:29:59,0.40716,0.40856,0.40648,0.40704,7338.7,OM,OM
2025-05-24 18:59:59,0.40705,0.40781,0.406,0.40646,5696.8,OM,OM
2025-05-24 19:29:59,0.40686,0.40911,0.40686,0.40794,74086.7,OM,OM
2025-05-24 19:59:59,0.40821,0.40963,0.40716,0.40726,12615.8,OM,OM
2025-05-24 20:29:59,0.40611,0.40967,0.40611,0.40828,62392.0,OM,OM
2025-05-24 20:59:59,0.40852,0.4101,0.40651,0.40723,34428.7,OM,OM
2025-05-24 21:29:59,0.40684,0.40685,0.39982,0.40272,92354.0,OM,OM
2025-05-24 21:59:59,0.40294,0.40469,0.40294,0.40437,3637.3,OM,OM
2025-05-24 22:29:59,0.40315,0.40416,0.4021,0.40359,10682.3,OM,OM
2025-05-24 22:59:59,0.40367,0.40552,0.40367,0.40371,8180.4,OM,OM
2025-05-24 23:29:59,0.40361,0.40385,0.40214,0.40253,487471.8,OM,OM
2025-05-24 23:59:59,0.403,0.40335,0.40167,0.40315,41331.9,OM,OM
2025-05-25 00:29:59,0.40314,0.40493,0.40139,0.40201,23134.5,OM,OM
2025-05-25 00:59:59,0.40166,0.40166,0.39477,0.39479,53495.6,OM,OM
2025-05-25 01:29:59,0.39527,0.39527,0.39087,0.39459,74831.7,OM,OM
2025-05-25 01:59:59,0.39528,0.40265,0.39528,0.40078,35531.1,OM,OM
2025-05-25 02:29:59,0.40085,0.4036,0.40057,0.40302,10363.3,OM,OM
2025-05-25 02:59:59,0.40249,0.40531,0.40187,0.40472,66592.3,OM,OM
2025-05-25 03:29:59,0.40501,0.40721,0.40287,0.40287,13119.2,OM,OM
2025-05-25 03:59:59,0.40296,0.40413,0.40194,0.40378,12822.8,OM,OM
2025-05-25 04:29:59,0.40393,0.40656,0.40378,0.40601,4533.4,OM,OM
2025-05-25 04:59:59,0.40693,0.41228,0.40656,0.41076,39077.4,OM,OM
2025-05-25 05:29:59,0.41096,0.41343,0.40907,0.41056,16404.2,OM,OM
2025-05-25 05:59:59,0.41188,0.41444,0.41155,0.41155,20992.9,OM,OM
2025-05-25 06:29:59,0.4116,0.41345,0.41111,0.41239,12748.5,OM,OM
2025-05-25 06:59:59,0.412,0.412,0.41046,0.41112,19964.1,OM,OM
2025-05-25 07:29:59,0.41107,0.41221,0.40872,0.40963,158320.2,OM,OM
2025-05-25 07:59:59,0.41022,0.41465,0.4097,0.41197,26564.6,OM,OM
2025-05-25 08:29:59,0.41059,0.41059,0.40597,0.40637,87304.6,OM,OM
2025-05-25 08:59:59,0.40634,0.40668,0.39877,0.40059,14178.9,OM,OM
2025-05-25 09:29:59,0.40042,0.40134,0.3955,0.39821,222988.2,OM,OM
2025-05-25 09:59:59,0.39815,0.40031,0.39662,0.39942,300197.8,OM,OM
2025-05-25 10:29:59,0.39911,0.40041,0.39352,0.3946,18026.0,OM,OM
2025-05-25 10:59:59,0.39474,0.39651,0.39373,0.39438,18792.1,OM,OM
2025-05-25 11:29:59,0.39392,0.39833,0.39347,0.39774,31033.6,OM,OM
2025-05-25 11:59:59,0.39792,0.39994,0.39517,0.39569,43663.4,OM,OM
2025-05-25 12:29:59,0.39553,0.39798,0.39392,0.3974,10622.6,OM,OM
2025-05-25 12:59:59,0.39744,0.39858,0.39576,0.39583,10367.9,OM,OM
2025-05-25 13:29:59,0.39617,0.39931,0.3955,0.39824,61457.4,OM,OM
2025-05-25 13:59:59,0.39812,0.39978,0.39693,0.39693,49425.2,OM,OM
2025-05-25 14:29:59,0.39636,0.39636,0.3944,0.39542,6303.7,OM,OM
2025-05-25 14:59:59,0.39546,0.39595,0.39275,0.39371,99556.8,OM,OM
2025-05-25 15:29:59,0.39403,0.39466,0.38367,0.38438,132624.0,OM,OM
2025-05-25 15:59:59,0.38443,0.38997,0.3841,0.38997,61116.4,OM,OM
2025-05-25 16:29:59,0.3909,0.39367,0.38897,0.38897,70966.8,OM,OM
2025-05-25 16:59:59,0.38837,0.39394,0.38837,0.39258,11911.6,OM,OM
2025-05-25 17:29:59,0.39271,0.39381,0.39001,0.39131,15734.2,OM,OM
2025-05-25 17:59:59,0.39113,0.39121,0.38892,0.39068,12791.5,OM,OM
2025-05-25 18:29:59,0.39092,0.39392,0.39061,0.39386,92423.1,OM,OM
2025-05-25 18:59:59,0.3937,0.3937,0.39067,0.39184,6277.0,OM,OM
2025-05-25 19:29:59,0.39151,0.39415,0.39146,0.39269,11243.1,OM,OM
2025-05-25 19:59:59,0.39268,0.3963,0.39264,0.39474,11758.3,OM,OM
2025-05-25 20:29:59,0.39444,0.39594,0.39352,0.39565,5188.7,OM,OM
2025-05-25 20:59:59,0.39526,0.39712,0.39482,0.39712,81131.7,OM,OM
2025-05-25 21:29:59,0.3963,0.39754,0.39411,0.39411,4678.0,OM,OM
2025-05-25 21:59:59,0.39414,0.39577,0.39216,0.39396,7053.0,OM,OM
2025-05-25 22:29:59,0.39381,0.39995,0.39322,0.39933,517139.9,OM,OM
2025-05-25 22:59:59,0.39942,0.40426,0.39942,0.40324,505870.3,OM,OM
2025-05-25 23:29:59,0.40312,0.40373,0.40124,0.40182,165889.8,OM,OM
2025-05-25 23:59:59,0.40152,0.40486,0.40117,0.40253,569944.0,OM,OM
2025-05-26 00:29:59,0.40265,0.40265,0.39979,0.39979,77409.1,OM,OM
2025-05-26 00:59:59,0.39977,0.40373,0.39921,0.40373,46294.4,OM,OM
2025-05-26 01:29:59,0.40378,0.40446,0.40136,0.40171,56514.8,OM,OM
2025-05-26 01:59:59,0.40154,0.4027,0.39993,0.40053,33100.9,OM,OM
2025-05-26 02:29:59,0.4003,0.40166,0.39986,0.40084,14984.4,OM,OM
2025-05-26 02:59:59,0.40083,0.40083,0.39866,0.39952,7868.2,OM,OM
2025-05-26 03:29:59,0.39903,0.40104,0.39852,0.40059,48388.1,OM,OM
2025-05-26 03:59:59,0.40057,0.40202,0.39987,0.40091,11724.1,OM,OM
2025-05-26 04:29:59,0.40098,0.40178,0.40063,0.40132,5556.9,OM,OM
2025-05-26 04:59:59,0.40102,0.40171,0.4004,0.40055,7983.0,OM,OM
2025-05-26 05:29:59,0.40001,0.40095,0.39796,0.39796,14755.4,OM,OM
2025-05-26 05:59:59,0.39932,0.40135,0.39906,0.40128,69144.3,OM,OM
2025-05-26 06:29:59,0.40106,0.40158,0.40045,0.40149,5967.5,OM,OM
2025-05-26 06:59:59,0.40145,0.40924,0.40082,0.40333,420671.6,OM,OM
2025-05-26 07:29:59,0.40345,0.40466,0.40204,0.40249,296869.8,OM,OM
2025-05-26 07:59:59,0.40241,0.40472,0.40241,0.40424,40118.9,OM,OM
2025-05-26 08:29:59,0.40452,0.40462,0.40216,0.40223,53914.3,OM,OM
2025-05-26 08:59:59,0.40223,0.40228,0.40065,0.40149,15636.8,OM,OM
2025-05-26 09:29:59,0.40099,0.40274,0.40022,0.40247,39918.2,OM,OM
2025-05-26 09:59:59,0.40233,0.40267,0.39966,0.40078,6965.3,OM,OM
2025-05-26 10:29:59,0.40081,0.40151,0.39928,0.40111,6783.4,OM,OM
2025-05-26 10:59:59,0.4011,0.40205,0.40081,0.40173,35889.2,OM,OM
2025-05-26 11:29:59,0.40169,0.40377,0.40135,0.40345,6236.4,OM,OM
2025-05-26 11:59:59,0.4032,0.40357,0.40169,0.40288,9299.9,OM,OM
2025-05-26 12:29:59,0.40306,0.4035,0.39939,0.40011,8217.1,OM,OM
2025-05-26 12:59:59,0.39977,0.40191,0.39942,0.40166,5689.9,OM,OM
2025-05-26 13:29:59,0.40199,0.40214,0.39657,0.39732,12353.3,OM,OM
2025-05-26 13:59:59,0.39777,0.39853,0.39289,0.39399,353200.1,OM,OM
2025-05-26 14:29:59,0.39359,0.3936,0.38915,0.39043,811357.1,OM,OM
2025-05-26 14:59:59,0.38997,0.39178,0.38813,0.39147,8413.8,OM,OM
2025-05-26 15:29:59,0.3917,0.39258,0.3896,0.39235,16963.6,OM,OM
2025-05-26 15:59:59,0.3929,0.40895,0.39131,0.39341,708820.5,OM,OM
2025-05-26 16:29:59,0.39339,0.39498,0.38685,0.38876,80153.2,OM,OM
2025-05-26 16:59:59,0.3886,0.38965,0.38795,0.38907,15198.5,OM,OM
2025-05-26 17:29:59,0.38923,0.39109,0.38799,0.38904,106175.4,OM,OM
2025-05-26 17:59:59,0.38967,0.39092,0.38673,0.38859,123612.0,OM,OM
2025-05-26 18:29:59,0.38874,0.39059,0.38874,0.39023,4563.3,OM,OM
2025-05-26 18:59:59,0.3904,0.39156,0.38964,0.39102,208686.7,OM,OM
2025-05-26 19:29:59,0.39101,0.39179,0.38955,0.38955,33720.0,OM,OM
2025-05-26 19:59:59,0.38945,0.38945,0.38816,0.38891,9076.5,OM,OM
2025-05-26 20:29:59,0.38891,0.38952,0.38763,0.38952,28212.6,OM,OM
2025-05-26 20:59:59,0.3897,0.39144,0.38964,0.39119,5287.6,OM,OM
2025-05-26 21:29:59,0.3922,0.39233,0.39026,0.39077,113368.4,OM,OM
2025-05-26 21:59:59,0.39092,0.39179,0.38999,0.39118,55073.9,OM,OM
2025-05-26 22:29:59,0.39105,0.39307,0.39038,0.39083,23608.9,OM,OM
2025-05-26 22:59:59,0.3906,0.39155,0.38921,0.38947,9326.7,OM,OM
2025-05-26 23:29:59,0.38945,0.38963,0.38848,0.38963,8265.0,OM,OM
2025-05-26 23:59:59,0.3897,0.3901,0.38957,0.38997,6795.8,OM,OM
2025-05-27 00:29:59,0.38997,0.3915,0.38903,0.38903,11055.7,OM,OM
2025-05-27 00:59:59,0.38906,0.38906,0.38102,0.38102,599645.8,OM,OM
2025-05-27 01:29:59,0.38142,0.38142,0.37526,0.37801,102031.4,OM,OM
2025-05-27 01:59:59,0.37822,0.3812,0.37817,0.38013,59514.2,OM,OM
2025-05-27 02:29:59,0.38121,0.38242,0.38054,0.38242,69924.1,OM,OM
2025-05-27 02:59:59,0.38245,0.38245,0.38035,0.38161,17758.3,OM,OM
2025-05-27 03:29:59,0.3816,0.38444,0.3816,0.38363,66377.2,OM,OM
2025-05-27 03:59:59,0.3838,0.38566,0.38371,0.38412,49095.2,OM,OM
2025-05-27 04:29:59,0.38407,0.38729,0.38404,0.38492,362853.3,OM,OM
2025-05-27 04:59:59,0.38515,0.38818,0.38467,0.3859,126921.8,OM,OM
2025-05-27 05:29:59,0.38597,0.38597,0.38173,0.38257,471751.8,OM,OM
2025-05-27 05:59:59,0.38257,0.3856,0.38224,0.3849,12993.5,OM,OM
2025-05-27 06:29:59,0.38568,0.39027,0.38568,0.38743,440388.4,OM,OM
2025-05-27 06:59:59,0.38774,0.38909,0.38534,0.38565,25564.8,OM,OM
2025-05-27 07:29:59,0.3865,0.38865,0.38633,0.38755,8444.9,OM,OM
2025-05-27 07:59:59,0.38785,0.38978,0.38785,0.3885,24877.4,OM,OM
2025-05-27 08:29:59,0.3885,0.39174,0.3885,0.3913,114256.6,OM,OM
2025-05-27 08:59:59,0.39069,0.39147,0.38949,0.39147,11882.7,OM,OM
2025-05-27 09:29:59,0.39134,0.39163,0.38835,0.38853,12240.1,OM,OM
2025-05-27 09:59:59,0.38829,0.39142,0.38829,0.39117,57539.3,OM,OM
2025-05-27 10:29:59,0.39121,0.39159,0.3906,0.39108,13636.9,OM,OM
2025-05-27 10:59:59,0.39074,0.39315,0.39016,0.3921,308428.4,OM,OM
2025-05-27 11:29:59,0.39192,0.39225,0.3888,0.39064,42533.2,OM,OM
2025-05-27 11:59:59,0.39053,0.39247,0.39053,0.39195,8296.8,OM,OM
2025-05-27 12:29:59,0.39232,0.39245,0.39118,0.39238,24455.5,OM,OM
2025-05-27 12:59:59,0.39232,0.39253,0.39075,0.39253,41177.1,OM,OM
2025-05-27 13:29:59,0.39288,0.39625,0.39218,0.39422,386597.7,OM,OM
2025-05-27 13:59:59,0.39459,0.39525,0.39094,0.39126,444480.1,OM,OM
2025-05-27 14:29:59,0.39178,0.3922,0.38869,0.38869,197872.6,OM,OM
2025-05-27 14:59:59,0.38876,0.39103,0.3853,0.38959,277467.1,OM,OM
2025-05-27 15:29:59,0.38946,0.39148,0.3884,0.3913,93105.2,OM,OM
2025-05-27 15:59:59,0.39116,0.3929,0.39048,0.39269,295436.3,OM,OM
2025-05-27 16:29:59,0.39269,0.39399,0.39167,0.39224,15760.4,OM,OM
2025-05-27 16:59:59,0.39275,0.39355,0.39206,0.39255,29010.0,OM,OM
2025-05-27 17:29:59,0.39284,0.39462,0.39215,0.39282,11411.2,OM,OM
2025-05-27 17:59:59,0.39237,0.39395,0.39199,0.39279,13560.3,OM,OM
2025-05-27 18:29:59,0.39274,0.39484,0.39274,0.39356,7361.7,OM,OM
2025-05-27 18:59:59,0.39357,0.39479,0.39296,0.39357,12835.3,OM,OM
2025-05-27 19:29:59,0.3934,0.3934,0.3921,0.39336,128335.9,OM,OM
2025-05-27 19:59:59,0.39369,0.39478,0.39356,0.39374,16315.3,OM,OM
2025-05-27 20:29:59,0.3937,0.39542,0.39346,0.39536,7688.4,OM,OM
2025-05-27 20:59:59,0.39517,0.39785,0.39279,0.3947,596867.2,OM,OM
2025-05-27 21:29:59,0.39467,0.39518,0.39101,0.39195,441546.0,OM,OM
2025-05-27 21:59:59,0.39141,0.39302,0.39138,0.39172,29525.2,OM,OM
2025-05-27 22:29:59,0.39225,0.39233,0.38895,0.39079,49175.9,OM,OM
2025-05-27 22:59:59,0.39092,0.39127,0.38908,0.39003,16203.4,OM,OM
2025-05-27 23:29:59,0.39037,0.39097,0.38908,0.3894,84009.1,OM,OM
2025-05-27 23:59:59,0.38911,0.39051,0.3886,0.39038,54970.6,OM,OM
2025-05-28 00:29:59,0.39071,0.39165,0.38853,0.39165,117898.0,OM,OM
2025-05-28 00:59:59,0.39175,0.39327,0.39126,0.39327,143766.0,OM,OM
2025-05-28 01:29:59,0.39328,0.39395,0.39265,0.39296,26991.5,OM,OM
2025-05-28 01:59:59,0.39323,0.39453,0.39267,0.39267,21487.2,OM,OM
2025-05-28 02:29:59,0.39248,0.39267,0.38919,0.38919,16371.4,OM,OM
2025-05-28 02:59:59,0.39011,0.39194,0.39011,0.39177,5170.3,OM,OM
2025-05-28 03:29:59,0.39102,0.39244,0.38977,0.39023,18105.7,OM,OM
2025-05-28 03:59:59,0.39061,0.39142,0.39061,0.39079,5815.6,OM,OM
2025-05-28 04:29:59,0.39083,0.39083,0.38993,0.39052,5898.7,OM,OM
2025-05-28 04:59:59,0.39024,0.39249,0.39024,0.39249,8225.7,OM,OM
2025-05-28 05:29:59,0.39193,0.3933,0.39134,0.39314,28166.3,OM,OM
2025-05-28 05:59:59,0.39323,0.39378,0.39133,0.39135,15533.4,OM,OM
2025-05-28 06:29:59,0.39105,0.39105,0.38657,0.38849,61608.4,OM,OM
2025-05-28 06:59:59,0.38819,0.3893,0.38683,0.3888,27154.9,OM,OM
2025-05-28 07:29:59,0.38881,0.39112,0.38881,0.39112,64204.0,OM,OM
2025-05-28 07:59:59,0.39108,0.39229,0.39073,0.39073,50573.7,OM,OM
2025-05-28 08:29:59,0.39091,0.39136,0.38958,0.39136,7380.6,OM,OM
2025-05-28 08:59:59,0.39099,0.39283,0.39076,0.39242,2769.6,OM,OM
2025-05-28 09:29:59,0.39319,0.39365,0.39095,0.39095,8430.5,OM,OM
2025-05-28 09:59:59,0.39085,0.39215,0.39022,0.39062,35693.0,OM,OM
2025-05-28 10:29:59,0.39043,0.39047,0.38812,0.39022,19408.7,OM,OM
2025-05-28 10:59:59,0.39016,0.39227,0.39016,0.39227,28328.4,OM,OM
2025-05-28 11:29:59,0.3918,0.39357,0.39063,0.39159,489069.0,OM,OM
2025-05-28 11:59:59,0.39143,0.3925,0.39103,0.39246,25719.1,OM,OM
2025-05-28 12:29:59,0.39268,0.40173,0.39268,0.39914,1341526.3,OM,OM
2025-05-28 12:59:59,0.39818,0.39963,0.39593,0.3966,67729.0,OM,OM
2025-05-28 13:29:59,0.39666,0.39719,0.39381,0.3951,212258.5,OM,OM
2025-05-28 13:59:59,0.39463,0.3956,0.39093,0.39145,67190.0,OM,OM
2025-05-28 14:29:59,0.39145,0.3915,0.38649,0.38979,38645.4,OM,OM
2025-05-28 14:59:59,0.38986,0.39012,0.3857,0.38673,1667719.9,OM,OM
2025-05-28 15:29:59,0.38663,0.38903,0.38356,0.38755,190419.7,OM,OM
2025-05-28 15:59:59,0.38746,0.38948,0.38478,0.38485,714922.6,OM,OM
2025-05-28 16:29:59,0.3849,0.38756,0.38342,0.38746,70979.9,OM,OM
2025-05-28 16:59:59,0.38746,0.38809,0.38619,0.38766,52856.8,OM,OM
2025-05-28 17:29:59,0.38755,0.3893,0.38693,0.38744,15716.3,OM,OM
2025-05-28 17:59:59,0.3874,0.3874,0.38504,0.38618,29348.9,OM,OM
2025-05-28 18:29:59,0.38592,0.38704,0.38545,0.38576,21111.3,OM,OM
2025-05-28 18:59:59,0.38571,0.38716,0.3828,0.3832,9474.3,OM,OM
2025-05-28 19:29:59,0.38286,0.38668,0.38286,0.384,276421.3,OM,OM
2025-05-28 19:59:59,0.38388,0.3844,0.37838,0.38065,46108.0,OM,OM
2025-05-28 20:29:59,0.37967,0.38234,0.37967,0.38234,11927.6,OM,OM
2025-05-28 20:59:59,0.3824,0.38524,0.38234,0.3852,114754.3,OM,OM
2025-05-28 21:29:59,0.38509,0.3874,0.38472,0.38614,36249.7,OM,OM
2025-05-28 21:59:59,0.38615,0.38731,0.38567,0.38719,6345.3,OM,OM
2025-05-28 22:29:59,0.38689,0.3871,0.38584,0.38636,17756.7,OM,OM
2025-05-28 22:59:59,0.38651,0.38818,0.3859,0.38768,57338.4,OM,OM
2025-05-28 23:29:59,0.38753,0.38954,0.38753,0.38954,276673.9,OM,OM
2025-05-28 23:59:59,0.38923,0.39,0.38826,0.38903,130019.1,OM,OM
2025-05-29 00:29:59,0.38895,0.39149,0.38803,0.39149,6314.4,OM,OM
2025-05-29 00:59:59,0.3915,0.39265,0.39088,0.39265,3889.9,OM,OM
2025-05-29 01:29:59,0.3927,0.39355,0.39199,0.39271,9205.3,OM,OM
2025-05-29 01:59:59,0.39234,0.39432,0.3917,0.39398,10905.6,OM,OM
2025-05-29 02:29:59,0.39349,0.395,0.39316,0.395,6043.9,OM,OM
2025-05-29 02:59:59,0.39506,0.39848,0.39506,0.39685,146367.8,OM,OM
2025-05-29 03:29:59,0.39711,0.39711,0.39492,0.39575,22515.1,OM,OM
2025-05-29 03:59:59,0.39583,0.39583,0.39303,0.39391,14092.5,OM,OM
2025-05-29 04:29:59,0.39402,0.39402,0.3916,0.39285,7842.2,OM,OM
2025-05-29 04:59:59,0.393,0.393,0.3874,0.39121,38716.3,OM,OM
2025-05-29 05:29:59,0.39143,0.39271,0.39086,0.3909,3367.7,OM,OM
2025-05-29 05:59:59,0.3906,0.39181,0.3898,0.3898,3440.4,OM,OM
2025-05-29 06:29:59,0.39075,0.39281,0.39057,0.39235,2898.7,OM,OM
2025-05-29 06:59:59,0.39276,0.39352,0.39207,0.39352,29198.9,OM,OM
2025-05-29 07:29:59,0.3931,0.39433,0.39277,0.39332,31762.7,OM,OM
2025-05-29 07:59:59,0.39241,0.39258,0.39132,0.39132,6442.5,OM,OM
2025-05-29 08:29:59,0.39128,0.39259,0.39019,0.3921,9705.2,OM,OM
2025-05-29 08:59:59,0.39182,0.39391,0.39182,0.39376,24822.7,OM,OM
2025-05-29 09:29:59,0.39363,0.39398,0.39256,0.39256,7941.7,OM,OM
2025-05-29 09:59:59,0.39362,0.39362,0.39249,0.39286,1742.8,OM,OM
2025-05-29 10:29:59,0.39271,0.39271,0.39123,0.39195,3237.9,OM,OM
2025-05-29 10:59:59,0.39196,0.39437,0.3919,0.39408,19245.2,OM,OM
2025-05-29 11:29:59,0.3948,0.39549,0.39326,0.39437,257705.8,OM,OM
2025-05-29 11:59:59,0.39454,0.39478,0.39316,0.39448,53473.2,OM,OM
2025-05-29 12:29:59,0.39445,0.39501,0.39226,0.39409,5603.5,OM,OM
2025-05-29 12:59:59,0.39365,0.3944,0.39061,0.39287,12620.8,OM,OM
2025-05-29 13:29:59,0.39292,0.39567,0.39288,0.39487,75515.1,OM,OM
2025-05-29 13:59:59,0.39407,0.3944,0.39024,0.39222,277234.9,OM,OM
2025-05-29 14:29:59,0.39189,0.39215,0.38336,0.38555,165342.9,OM,OM
2025-05-29 14:59:59,0.38455,0.39062,0.38455,0.39062,22988.3,OM,OM
2025-05-29 15:29:59,0.39015,0.39032,0.38701,0.38777,11408.5,OM,OM
2025-05-29 15:59:59,0.38762,0.38762,0.38502,0.38596,3487.3,OM,OM
2025-05-29 16:29:59,0.38591,0.38683,0.38472,0.38574,10988.9,OM,OM
2025-05-29 16:59:59,0.38571,0.38571,0.38198,0.38271,34992.9,OM,OM
2025-05-29 17:29:59,0.38241,0.38419,0.38241,0.38329,34308.0,OM,OM
2025-05-29 17:59:59,0.38394,0.38584,0.38335,0.38515,19713.2,OM,OM
2025-05-29 18:29:59,0.38509,0.3864,0.38434,0.38434,12201.4,OM,OM
2025-05-29 18:59:59,0.38418,0.3842,0.3831,0.38415,1922.0,OM,OM
2025-05-29 19:29:59,0.38306,0.38413,0.37627,0.37805,116430.6,OM,OM
2025-05-29 19:59:59,0.37829,0.37914,0.3761,0.37771,17861.9,OM,OM
2025-05-29 20:29:59,0.37784,0.3802,0.37784,0.3802,41174.5,OM,OM
2025-05-29 20:59:59,0.38044,0.38124,0.37845,0.37995,179866.5,OM,OM
2025-05-29 21:29:59,0.38016,0.38192,0.37981,0.38115,14755.0,OM,OM
2025-05-29 21:59:59,0.38104,0.38229,0.38047,0.38226,78688.0,OM,OM
2025-05-29 22:29:59,0.3819,0.38291,0.38158,0.38256,205811.5,OM,OM
2025-05-29 22:59:59,0.38236,0.38277,0.3798,0.37989,8371.7,OM,OM
2025-05-29 23:29:59,0.37955,0.38012,0.37642,0.37732,56242.5,OM,OM
2025-05-29 23:59:59,0.37741,0.37797,0.37208,0.37409,50258.1,OM,OM
2025-05-30 00:29:59,0.3739,0.37652,0.3739,0.37491,5105.3,OM,OM
2025-05-30 00:59:59,0.37405,0.37405,0.31501,0.3366,3004277.7,OM,OM
2025-05-30 01:29:59,0.3366,0.34571,0.33638,0.34425,813263.0,OM,OM
2025-05-30 01:59:59,0.34469,0.34493,0.34005,0.3415,92679.6,OM,OM
2025-05-30 02:29:59,0.34145,0.34605,0.34144,0.34442,453713.2,OM,OM
2025-05-30 02:59:59,0.34438,0.34563,0.33865,0.33886,195667.4,OM,OM
2025-05-30 03:29:59,0.33835,0.33982,0.33647,0.33878,16043.5,OM,OM
2025-05-30 03:59:59,0.33886,0.34113,0.33371,0.33658,32060.8,OM,OM
2025-05-30 04:29:59,0.33674,0.3378,0.33539,0.33691,12524.5,OM,OM
2025-05-30 04:59:59,0.33576,0.33805,0.33265,0.33633,6579.3,OM,OM
2025-05-30 05:29:59,0.33648,0.33897,0.33533,0.33839,15469.6,OM,OM
2025-05-30 05:59:59,0.33857,0.34016,0.33507,0.33566,20935.1,OM,OM
2025-05-30 06:29:59,0.33648,0.33648,0.33146,0.33318,69893.9,OM,OM
2025-05-30 06:59:59,0.33278,0.3353,0.32954,0.33107,59928.1,OM,OM
2025-05-30 07:29:59,0.33129,0.33267,0.32732,0.33246,628788.9,OM,OM
2025-05-30 07:59:59,0.33255,0.33504,0.33071,0.33093,26418.2,OM,OM
2025-05-30 08:29:59,0.33083,0.33294,0.3279,0.33279,74284.3,OM,OM
2025-05-30 08:59:59,0.33352,0.33388,0.32836,0.32845,30843.2,OM,OM
2025-05-30 09:29:59,0.32815,0.33081,0.32525,0.32977,99878.1,OM,OM
2025-05-30 09:59:59,0.33019,0.33291,0.32711,0.33291,23373.2,OM,OM
2025-05-30 10:29:59,0.33226,0.33408,0.33157,0.33408,58225.4,OM,OM
2025-05-30 10:59:59,0.3345,0.33686,0.33362,0.33644,75990.3,OM,OM
2025-05-30 11:29:59,0.33687,0.33934,0.33554,0.33554,18470.0,OM,OM
2025-05-30 11:59:59,0.33482,0.33661,0.33358,0.3362,35661.0,OM,OM
2025-05-30 12:29:59,0.33536,0.33649,0.33108,0.33282,13440.3,OM,OM
2025-05-30 12:59:59,0.33273,0.33755,0.33273,0.33398,186562.1,OM,OM
2025-05-30 13:29:59,0.33416,0.33766,0.33376,0.33584,230244.1,OM,OM
2025-05-30 13:59:59,0.33625,0.33722,0.33285,0.33344,21444.1,OM,OM
2025-05-30 14:29:59,0.33346,0.33441,0.33192,0.33192,51073.9,OM,OM
2025-05-30 14:59:59,0.33314,0.33641,0.33314,0.33585,11081.5,OM,OM
2025-05-30 15:29:59,0.33582,0.33704,0.33409,0.33704,11028.2,OM,OM
2025-05-30 15:59:59,0.33675,0.33682,0.33379,0.3339,44169.9,OM,OM
2025-05-30 16:29:59,0.33392,0.33519,0.327,0.32732,25254.6,OM,OM
2025-05-30 16:59:59,0.327,0.32736,0.29692,0.31217,2192011.6,OM,OM
2025-05-30 17:29:59,0.31169,0.31663,0.3102,0.31243,157030.3,OM,OM
2025-05-30 17:59:59,0.31189,0.31622,0.3105,0.31622,42972.4,OM,OM
2025-05-30 18:29:59,0.31623,0.31887,0.31548,0.31849,111965.8,OM,OM
2025-05-30 18:59:59,0.31878,0.31885,0.31673,0.31845,503554.5,OM,OM
2025-05-30 19:29:59,0.31788,0.32038,0.31764,0.31888,37362.6,OM,OM
2025-05-30 19:59:59,0.3185,0.31874,0.31746,0.31874,12463.2,OM,OM
2025-05-30 20:29:59,0.31842,0.31907,0.31664,0.31786,9154.7,OM,OM
2025-05-30 20:59:59,0.31773,0.31836,0.31528,0.31528,19648.4,OM,OM
2025-05-30 21:29:59,0.31535,0.31873,0.31523,0.31768,182418.4,OM,OM
2025-05-30 21:59:59,0.31758,0.31859,0.31534,0.31585,831715.2,OM,OM
2025-05-30 22:29:59,0.31606,0.3166,0.30895,0.30902,127994.7,OM,OM
2025-05-30 22:59:59,0.3098,0.30987,0.29965,0.30051,348748.0,OM,OM
2025-05-30 23:29:59,0.30008,0.30276,0.29067,0.29797,2439601.3,OM,OM
2025-05-30 23:59:59,0.29823,0.29998,0.29736,0.2983,248207.9,OM,OM
2025-05-31 00:29:59,0.29875,0.32769,0.29822,0.31725,2836170.5,OM,OM
2025-05-31 00:59:59,0.31797,0.33514,0.315,0.32844,1886280.5,OM,OM
2025-05-31 01:29:59,0.32993,0.33455,0.31462,0.3168,402610.8,OM,OM
2025-05-31 01:59:59,0.31686,0.31902,0.31407,0.31841,226744.6,OM,OM
2025-05-31 02:29:59,0.31895,0.32381,0.31895,0.32065,96739.9,OM,OM
2025-05-31 02:59:59,0.32017,0.32017,0.31569,0.31822,146024.4,OM,OM
2025-05-31 03:29:59,0.31746,0.31789,0.31401,0.31682,71534.8,OM,OM
2025-05-31 03:59:59,0.31729,0.32139,0.31646,0.32067,95086.6,OM,OM
2025-05-31 04:29:59,0.32142,0.32265,0.31697,0.32086,73127.0,OM,OM
2025-05-31 04:59:59,0.32079,0.32166,0.31851,0.31958,16162.2,OM,OM
2025-05-31 05:29:59,0.31913,0.31952,0.31682,0.31952,152246.4,OM,OM
2025-05-31 05:59:59,0.31857,0.3215,0.31767,0.31767,720297.9,OM,OM
2025-05-31 06:29:59,0.31785,0.32095,0.31682,0.32045,58299.9,OM,OM
2025-05-31 06:59:59,0.3198,0.32354,0.31907,0.3202,60521.9,OM,OM
2025-05-31 07:29:59,0.31905,0.32064,0.31719,0.32018,303514.4,OM,OM
2025-05-31 07:59:59,0.32058,0.32095,0.31753,0.31858,23077.0,OM,OM
2025-05-31 08:29:59,0.31859,0.31949,0.31124,0.31183,107564.0,OM,OM
2025-05-31 08:59:59,0.31157,0.31374,0.30849,0.31374,48401.5,OM,OM
2025-05-31 09:29:59,0.31273,0.31425,0.30989,0.31026,27416.0,OM,OM
2025-05-31 09:59:59,0.31094,0.31201,0.3085,0.31197,21938.3,OM,OM
2025-05-31 10:29:59,0.31205,0.31528,0.31019,0.31052,54362.6,OM,OM
2025-05-31 10:59:59,0.31083,0.311,0.30728,0.311,25146.8,OM,OM
2025-05-31 11:29:59,0.31044,0.31065,0.30836,0.30837,20732.5,OM,OM
2025-05-31 11:59:59,0.30831,0.30854,0.30735,0.30853,12114.1,OM,OM
2025-05-31 12:29:59,0.3087,0.31303,0.30865,0.31079,7581.2,OM,OM
2025-05-31 12:59:59,0.31104,0.31561,0.31104,0.31537,36018.9,OM,OM
2025-05-31 13:29:59,0.31535,0.31694,0.31329,0.3149,51662.0,OM,OM
2025-05-31 13:59:59,0.31487,0.31487,0.31042,0.31161,27159.7,OM,OM
2025-05-31 14:29:59,0.31158,0.31363,0.31153,0.31281,8522.3,OM,OM
2025-05-31 14:59:59,0.3128,0.31353,0.31078,0.31164,22918.8,OM,OM
2025-05-31 15:29:59,0.31262,0.31392,0.31147,0.3134,11669.8,OM,OM
2025-05-31 15:59:59,0.31355,0.31368,0.30843,0.30949,17065.4,OM,OM
2025-05-31 16:29:59,0.30965,0.31368,0.30884,0.31302,18817.6,OM,OM
2025-05-31 16:59:59,0.31254,0.31254,0.30977,0.31073,37061.6,OM,OM
2025-05-31 17:29:59,0.31095,0.31106,0.30975,0.31036,6542.7,OM,OM
2025-05-31 17:59:59,0.31,0.31018,0.30792,0.30811,9563.9,OM,OM
2025-05-31 18:29:59,0.30805,0.31156,0.30805,0.30974,6958.3,OM,OM
2025-05-31 18:59:59,0.30975,0.31181,0.30975,0.31148,25429.0,OM,OM
2025-05-31 19:29:59,0.31142,0.31446,0.31142,0.31433,34597.2,OM,OM
2025-05-31 19:59:59,0.31427,0.31427,0.31193,0.31206,8439.2,OM,OM
2025-05-31 20:29:59,0.31214,0.31223,0.31111,0.31114,13372.2,OM,OM
2025-05-31 20:59:59,0.31074,0.31447,0.30975,0.31353,54544.5,OM,OM
2025-05-31 21:29:59,0.31365,0.31433,0.31145,0.31332,16434.8,OM,OM
2025-05-31 21:59:59,0.31358,0.31396,0.31183,0.31228,10151.3,OM,OM
2025-05-31 22:29:59,0.3119,0.31228,0.30911,0.30911,36720.6,OM,OM
2025-05-31 22:59:59,0.30924,0.30946,0.3085,0.3093,2354.5,OM,OM
2025-05-31 23:29:59,0.30927,0.31075,0.30799,0.30905,9954.4,OM,OM
2025-05-31 23:59:59,0.30883,0.30981,0.30729,0.30933,19204.6,OM,OM
2025-06-01 00:29:59,0.30997,0.30997,0.30323,0.30395,34043.3,OM,OM
2025-06-01 00:59:59,0.30376,0.30801,0.30376,0.30631,33573.8,OM,OM
2025-06-01 01:29:59,0.30609,0.31217,0.30533,0.30807,63935.6,OM,OM
2025-06-01 01:59:59,0.30848,0.30877,0.30533,0.30571,14046.9,OM,OM
2025-06-01 02:29:59,0.30568,0.30568,0.30176,0.30471,72569.5,OM,OM
2025-06-01 02:59:59,0.30496,0.30887,0.30496,0.30852,8705.3,OM,OM
2025-06-01 03:29:59,0.30856,0.30907,0.30706,0.30726,4581.2,OM,OM
2025-06-01 03:59:59,0.30784,0.3135,0.30784,0.31275,26447.8,OM,OM
2025-06-01 04:29:59,0.3121,0.3135,0.3111,0.31319,19745.6,OM,OM
2025-06-01 04:59:59,0.31307,0.31417,0.31234,0.31356,23252.9,OM,OM
2025-06-01 05:29:59,0.31343,0.31448,0.31201,0.31369,130151.9,OM,OM
2025-06-01 05:59:59,0.31372,0.31372,0.3098,0.31133,34219.7,OM,OM
2025-06-01 06:29:59,0.31099,0.31181,0.30986,0.3102,7726.4,OM,OM
2025-06-01 06:59:59,0.31118,0.31236,0.31108,0.31147,18229.2,OM,OM
2025-06-01 07:29:59,0.31085,0.313,0.31013,0.31154,4905.2,OM,OM
2025-06-01 07:59:59,0.31136,0.31154,0.31002,0.31113,11524.2,OM,OM
2025-06-01 08:29:59,0.31081,0.31251,0.31056,0.31159,66615.9,OM,OM
2025-06-01 08:59:59,0.31142,0.31274,0.31079,0.31089,217319.8,OM,OM
2025-06-01 09:29:59,0.31193,0.31292,0.30624,0.30651,13582.1,OM,OM
2025-06-01 09:59:59,0.30551,0.30568,0.3034,0.3049,31775.9,OM,OM
2025-06-01 10:29:59,0.30563,0.30727,0.30479,0.30618,32767.4,OM,OM
2025-06-01 10:59:59,0.30618,0.30635,0.30349,0.30588,147426.6,OM,OM
2025-06-01 11:29:59,0.30531,0.30531,0.30378,0.30516,64810.9,OM,OM
2025-06-01 11:59:59,0.30462,0.3064,0.30419,0.3043,23811.9,OM,OM
2025-06-01 12:29:59,0.30451,0.30479,0.30262,0.30341,13206.2,OM,OM
2025-06-01 12:59:59,0.3039,0.30445,0.30163,0.30438,27910.7,OM,OM
2025-06-01 13:29:59,0.30433,0.30747,0.30433,0.30642,93700.5,OM,OM
2025-06-01 13:59:59,0.30696,0.30792,0.30636,0.30659,4176.4,OM,OM
2025-06-01 14:29:59,0.30651,0.31079,0.30651,0.31065,203280.2,OM,OM
2025-06-01 14:59:59,0.31033,0.31098,0.30911,0.30914,19781.3,OM,OM
2025-06-01 15:29:59,0.30941,0.311,0.30933,0.31081,8275.5,OM,OM
2025-06-01 15:59:59,0.31089,0.31168,0.30972,0.31168,6057.3,OM,OM
2025-06-01 16:29:59,0.3117,0.31428,0.3113,0.31305,36661.8,OM,OM
2025-06-01 16:59:59,0.31323,0.31438,0.31248,0.31248,10558.8,OM,OM
2025-06-01 17:29:59,0.31255,0.31264,0.31132,0.31232,9841.8,OM,OM
2025-06-01 17:59:59,0.31243,0.31365,0.31224,0.31286,10225.0,OM,OM
2025-06-01 18:29:59,0.31324,0.31329,0.31107,0.3111,8626.3,OM,OM
2025-06-01 18:59:59,0.31116,0.3118,0.30802,0.31158,18671.8,OM,OM
2025-06-01 19:29:59,0.31177,0.31296,0.31071,0.31243,38722.1,OM,OM
2025-06-01 19:59:59,0.31273,0.31352,0.3124,0.31308,6566.6,OM,OM
2025-06-01 20:29:59,0.31316,0.31446,0.31263,0.31394,53960.5,OM,OM
2025-06-01 20:59:59,0.31386,0.31503,0.31309,0.31381,40212.3,OM,OM
2025-06-01 21:29:59,0.3142,0.3168,0.31379,0.31662,10601.5,OM,OM
2025-06-01 21:59:59,0.31637,0.31981,0.31637,0.31877,26543.2,OM,OM
2025-06-01 22:29:59,0.31871,0.3199,0.31834,0.31834,7065.2,OM,OM
2025-06-01 22:59:59,0.31905,0.32315,0.31905,0.31993,28577.8,OM,OM
2025-06-01 23:29:59,0.31966,0.31971,0.31854,0.31873,10036.2,OM,OM
2025-06-01 23:59:59,0.31784,0.31877,0.31784,0.31843,2704.5,OM,OM
2025-06-02 00:29:59,0.31856,0.32606,0.31587,0.31683,204895.3,OM,OM
2025-06-02 00:59:59,0.31616,0.31767,0.31517,0.31688,10777.5,OM,OM
2025-06-02 01:29:59,0.31684,0.31783,0.31545,0.31545,6686.2,OM,OM
2025-06-02 01:59:59,0.31572,0.31639,0.31449,0.31481,3778.2,OM,OM
2025-06-02 02:29:59,0.31479,0.31479,0.31263,0.31323,34864.5,OM,OM
2025-06-02 02:59:59,0.313,0.31315,0.31095,0.31179,6006.4,OM,OM
2025-06-02 03:29:59,0.31191,0.31203,0.31026,0.31117,6986.0,OM,OM
2025-06-02 03:59:59,0.31136,0.31219,0.31028,0.31047,3378.6,OM,OM
2025-06-02 04:29:59,0.3106,0.3121,0.30987,0.3113,64186.8,OM,OM
2025-06-02 04:59:59,0.3109,0.31165,0.30767,0.30786,49371.2,OM,OM
2025-06-02 05:29:59,0.30817,0.31114,0.30798,0.3092,15440.1,OM,OM
2025-06-02 05:59:59,0.30927,0.30927,0.30683,0.30921,10402.4,OM,OM
2025-06-02 06:29:59,0.30982,0.31032,0.30778,0.31025,56717.7,OM,OM
2025-06-02 06:59:59,0.31037,0.31184,0.31018,0.31101,9349.7,OM,OM
2025-06-02 07:29:59,0.31153,0.31349,0.3115,0.31266,15982.7,OM,OM
2025-06-02 07:59:59,0.31194,0.31302,0.31139,0.31139,40187.1,OM,OM
2025-06-02 08:29:59,0.31243,0.3141,0.31243,0.3141,4564.9,OM,OM
2025-06-02 08:59:59,0.31358,0.31358,0.31069,0.31069,3290.0,OM,OM
2025-06-02 09:29:59,0.31157,0.31187,0.30913,0.31098,6447.5,OM,OM
2025-06-02 09:59:59,0.31096,0.3123,0.30791,0.30883,39042.8,OM,OM
2025-06-02 10:29:59,0.30892,0.30892,0.30692,0.30778,12927.2,OM,OM
2025-06-02 10:59:59,0.30787,0.31099,0.30779,0.31059,15048.6,OM,OM
2025-06-02 11:29:59,0.31139,0.31215,0.31,0.31118,2959.5,OM,OM
2025-06-02 11:59:59,0.31113,0.31229,0.3098,0.31203,49168.1,OM,OM
2025-06-02 12:29:59,0.3123,0.31348,0.31128,0.31348,14769.3,OM,OM
2025-06-02 12:59:59,0.31324,0.31591,0.31324,0.31491,6433.4,OM,OM
2025-06-02 13:29:59,0.31495,0.31574,0.31366,0.31451,7135.0,OM,OM
2025-06-02 13:59:59,0.31423,0.31583,0.31119,0.31209,9781.7,OM,OM
2025-06-02 14:29:59,0.31228,0.31553,0.31228,0.31417,51017.4,OM,OM
2025-06-02 14:59:59,0.31446,0.31558,0.31439,0.31557,9437.2,OM,OM
2025-06-02 15:29:59,0.31558,0.31889,0.31502,0.31619,69579.5,OM,OM
2025-06-02 15:59:59,0.31598,0.31785,0.31544,0.317,5824.5,OM,OM
2025-06-02 16:29:59,0.31718,0.31718,0.31553,0.31562,3931.7,OM,OM
2025-06-02 16:59:59,0.31494,0.31683,0.31494,0.31635,3344.9,OM,OM
2025-06-02 17:29:59,0.31671,0.31731,0.31546,0.31634,8700.5,OM,OM
2025-06-02 17:59:59,0.31644,0.31788,0.31644,0.31663,330448.5,OM,OM
2025-06-02 18:29:59,0.31668,0.3193,0.31604,0.31859,12565.0,OM,OM
2025-06-02 18:59:59,0.31869,0.31869,0.31626,0.31626,15685.2,OM,OM
2025-06-02 19:29:59,0.31687,0.31802,0.31621,0.31621,6193.9,OM,OM
2025-06-02 19:59:59,0.31599,0.31651,0.31544,0.31644,6890.9,OM,OM
2025-06-02 20:29:59,0.31677,0.31993,0.31677,0.31949,22052.8,OM,OM
2025-06-02 20:59:59,0.31976,0.3203,0.31934,0.32008,12648.7,OM,OM
2025-06-02 21:29:59,0.3203,0.32234,0.32013,0.32109,88783.9,OM,OM
2025-06-02 21:59:59,0.32115,0.32282,0.32042,0.32277,86189.4,OM,OM
2025-06-02 22:29:59,0.32281,0.32524,0.32281,0.32524,65953.2,OM,OM
2025-06-02 22:59:59,0.32524,0.3274,0.32419,0.32698,87512.6,OM,OM
2025-06-02 23:29:59,0.32726,0.32765,0.32607,0.32684,8539.4,OM,OM
2025-06-02 23:59:59,0.32655,0.32983,0.32655,0.32957,43787.7,OM,OM
2025-06-03 00:29:59,0.32963,0.32963,0.32661,0.32706,120290.3,OM,OM
2025-06-03 00:59:59,0.32697,0.33,0.32697,0.32821,12446.6,OM,OM
2025-06-03 01:29:59,0.32833,0.33071,0.32833,0.33057,17032.7,OM,OM
2025-06-03 01:59:59,0.33058,0.33089,0.32966,0.33062,5961.0,OM,OM
2025-06-03 02:29:59,0.33141,0.33264,0.32904,0.33012,30002.3,OM,OM
2025-06-03 02:59:59,0.32982,0.33072,0.32821,0.32979,45104.9,OM,OM
2025-06-03 03:29:59,0.32976,0.33082,0.32823,0.32887,9462.5,OM,OM
2025-06-03 03:59:59,0.32915,0.33269,0.32887,0.33062,19785.7,OM,OM
2025-06-03 04:29:59,0.33017,0.33017,0.32771,0.32958,7984.3,OM,OM
2025-06-03 04:59:59,0.32902,0.33056,0.32838,0.32838,5545.3,OM,OM
2025-06-03 05:29:59,0.32916,0.33025,0.3271,0.32851,4857.1,OM,OM
2025-06-03 05:59:59,0.32879,0.32987,0.32855,0.32949,5307.8,OM,OM
2025-06-03 06:29:59,0.32985,0.32985,0.32719,0.32719,4748.0,OM,OM
2025-06-03 06:59:59,0.32732,0.33088,0.32706,0.33062,271220.8,OM,OM
2025-06-03 07:29:59,0.33053,0.33183,0.33008,0.33126,29521.5,OM,OM
2025-06-03 07:59:59,0.33131,0.33131,0.32853,0.32919,8954.1,OM,OM
2025-06-03 08:29:59,0.32925,0.33003,0.32662,0.32791,15840.2,OM,OM
2025-06-03 08:59:59,0.32834,0.32951,0.32711,0.32951,30624.5,OM,OM
2025-06-03 09:29:59,0.33001,0.33001,0.32806,0.32946,18639.5,OM,OM
2025-06-03 09:59:59,0.32991,0.3317,0.32991,0.3309,3308.7,OM,OM
2025-06-03 10:29:59,0.33083,0.3315,0.33018,0.3315,2495.9,OM,OM
2025-06-03 10:59:59,0.33156,0.33241,0.33083,0.33193,13609.5,OM,OM
2025-06-03 11:29:59,0.33204,0.33316,0.33142,0.33222,13671.4,OM,OM
2025-06-03 11:59:59,0.33216,0.3323,0.33096,0.33125,14240.3,OM,OM
2025-06-03 12:29:59,0.33146,0.33377,0.33057,0.33377,11970.8,OM,OM
2025-06-03 12:59:59,0.33325,0.33493,0.33285,0.33363,15683.6,OM,OM
2025-06-03 13:29:59,0.33366,0.33393,0.33292,0.33367,8238.4,OM,OM
2025-06-03 13:59:59,0.33403,0.33403,0.33131,0.33291,34805.8,OM,OM
2025-06-03 14:29:59,0.33285,0.33303,0.32995,0.33125,14295.0,OM,OM
2025-06-03 14:59:59,0.33151,0.33359,0.33097,0.33359,189872.5,OM,OM
2025-06-03 15:29:59,0.33359,0.33461,0.33179,0.33461,37354.3,OM,OM
2025-06-03 15:59:59,0.33433,0.33433,0.33243,0.33261,32171.2,OM,OM
2025-06-03 16:29:59,0.33246,0.33432,0.33246,0.33335,263399.0,OM,OM
2025-06-03 16:59:59,0.33387,0.33562,0.33318,0.33332,200308.1,OM,OM
2025-06-03 17:29:59,0.33327,0.33498,0.33229,0.33498,56902.6,OM,OM
2025-06-03 17:59:59,0.33401,0.33464,0.33316,0.33464,68235.0,OM,OM
2025-06-03 18:29:59,0.33499,0.33504,0.33186,0.33262,52995.8,OM,OM
2025-06-03 18:59:59,0.33276,0.33321,0.33183,0.33313,23766.6,OM,OM
2025-06-03 19:29:59,0.33317,0.3364,0.33293,0.33597,5280.5,OM,OM
2025-06-03 19:59:59,0.33574,0.3371,0.33523,0.33678,107556.7,OM,OM
2025-06-03 20:29:59,0.33698,0.33769,0.33266,0.33267,162698.7,OM,OM
2025-06-03 20:59:59,0.3314,0.33398,0.33092,0.33351,37622.4,OM,OM
2025-06-03 21:29:59,0.3331,0.33363,0.33051,0.33186,6369.0,OM,OM
2025-06-03 21:59:59,0.33195,0.33224,0.32721,0.32898,48556.7,OM,OM
2025-06-03 22:29:59,0.32898,0.33165,0.3287,0.33165,12187.6,OM,OM
2025-06-03 22:59:59,0.33146,0.3323,0.33146,0.33165,8478.8,OM,OM
2025-06-03 23:29:59,0.33191,0.33202,0.33008,0.33029,8089.9,OM,OM
2025-06-03 23:59:59,0.33029,0.33051,0.32915,0.32918,7232.3,OM,OM
2025-06-04 00:29:59,0.32925,0.33031,0.32725,0.32725,6742.9,OM,OM
2025-06-04 00:59:59,0.327,0.32987,0.32529,0.32949,43049.2,OM,OM
2025-06-04 01:29:59,0.32957,0.3335,0.32957,0.33269,5671.1,OM,OM
2025-06-04 01:59:59,0.33208,0.33209,0.32957,0.32962,4505.8,OM,OM
2025-06-04 02:29:59,0.32974,0.33075,0.32926,0.32926,3851.3,OM,OM
2025-06-04 02:59:59,0.32957,0.32957,0.32734,0.3274,3492.5,OM,OM
2025-06-04 03:29:59,0.32808,0.32861,0.32741,0.32818,5419.2,OM,OM
2025-06-04 03:59:59,0.32842,0.32842,0.32647,0.32647,5440.7,OM,OM
2025-06-04 04:29:59,0.32662,0.32819,0.32626,0.32795,5917.4,OM,OM
2025-06-04 04:59:59,0.32784,0.32823,0.32662,0.32799,9094.1,OM,OM
2025-06-04 05:29:59,0.32788,0.32927,0.32722,0.32738,44565.9,OM,OM
2025-06-04 05:59:59,0.32676,0.32802,0.32653,0.32677,3023.5,OM,OM
2025-06-04 06:29:59,0.32774,0.32893,0.32608,0.3269,3780.4,OM,OM
2025-06-04 06:59:59,0.3268,0.32739,0.32647,0.32662,6004.1,OM,OM
2025-06-04 07:29:59,0.32732,0.32769,0.32641,0.32656,3691.0,OM,OM
2025-06-04 07:59:59,0.32659,0.32675,0.32453,0.3261,40157.3,OM,OM
2025-06-04 08:29:59,0.32566,0.32754,0.32447,0.32649,9488.5,OM,OM
2025-06-04 08:59:59,0.32603,0.32667,0.32528,0.32565,3612.2,OM,OM
2025-06-04 09:29:59,0.32555,0.3258,0.32164,0.32258,20471.6,OM,OM
2025-06-04 09:59:59,0.32218,0.32568,0.32192,0.32551,8010.3,OM,OM
2025-06-04 10:29:59,0.32617,0.32667,0.3257,0.3257,2660.8,OM,OM
2025-06-04 10:59:59,0.32654,0.32659,0.32562,0.32562,1663.5,OM,OM
2025-06-04 11:29:59,0.32607,0.32723,0.32548,0.32588,7754.3,OM,OM
2025-06-04 11:59:59,0.32577,0.3262,0.3251,0.32525,2154.4,OM,OM
2025-06-04 12:29:59,0.32503,0.32516,0.32173,0.32285,6539.4,OM,OM
2025-06-04 12:59:59,0.32282,0.32375,0.32233,0.32316,2545.2,OM,OM
2025-06-04 13:29:59,0.32295,0.32344,0.32141,0.32255,3261.9,OM,OM
2025-06-04 13:59:59,0.32239,0.32313,0.31935,0.31977,37840.9,OM,OM
2025-06-04 14:29:59,0.31969,0.31969,0.31696,0.31847,204807.6,OM,OM
2025-06-04 14:59:59,0.31823,0.32097,0.31823,0.32097,22359.1,OM,OM
2025-06-04 15:29:59,0.32049,0.32316,0.31976,0.32258,7824.3,OM,OM
2025-06-04 15:59:59,0.32187,0.3237,0.32152,0.323,18956.0,OM,OM
2025-06-04 16:29:59,0.32306,0.32306,0.32138,0.32174,11753.1,OM,OM
2025-06-04 16:59:59,0.32166,0.32258,0.32139,0.3221,4074.7,OM,OM
2025-06-04 17:29:59,0.32191,0.32205,0.31868,0.31868,8073.2,OM,OM
2025-06-04 17:59:59,0.31854,0.31904,0.31786,0.31888,5162.8,OM,OM
2025-06-04 18:29:59,0.31946,0.32063,0.31946,0.32025,11607.5,OM,OM
2025-06-04 18:59:59,0.32017,0.32017,0.31746,0.31746,8077.0,OM,OM
2025-06-04 19:29:59,0.31803,0.31925,0.31737,0.31737,5953.5,OM,OM
2025-06-04 19:59:59,0.3169,0.3172,0.31501,0.31501,140696.2,OM,OM
2025-06-04 20:29:59,0.31476,0.31512,0.31033,0.31305,241059.3,OM,OM
2025-06-04 20:59:59,0.31296,0.314,0.31227,0.31306,192694.7,OM,OM
2025-06-04 21:29:59,0.31308,0.31347,0.31095,0.31328,9854.9,OM,OM
2025-06-04 21:59:59,0.31388,0.31678,0.31375,0.31584,335776.5,OM,OM
2025-06-04 22:29:59,0.31566,0.31652,0.3139,0.3139,8111.0,OM,OM
2025-06-04 22:59:59,0.31417,0.31535,0.31397,0.31483,3502.2,OM,OM
2025-06-04 23:29:59,0.31478,0.31553,0.31409,0.31519,4046.2,OM,OM
2025-06-04 23:59:59,0.31455,0.31694,0.31455,0.31649,3262.9,OM,OM
2025-06-05 00:29:59,0.31668,0.31673,0.31266,0.31433,5323.8,OM,OM
2025-06-05 00:59:59,0.31456,0.31656,0.31383,0.31625,5485.8,OM,OM
2025-06-05 01:29:59,0.31663,0.31689,0.31445,0.31529,4465.4,OM,OM
2025-06-05 01:59:59,0.31509,0.31544,0.31397,0.31407,41735.7,OM,OM
2025-06-05 02:29:59,0.31492,0.31643,0.31457,0.31505,6627.6,OM,OM
2025-06-05 02:59:59,0.31449,0.31642,0.31387,0.31387,45019.8,OM,OM
2025-06-05 03:29:59,0.31364,0.31419,0.31274,0.31364,13129.7,OM,OM
2025-06-05 03:59:59,0.3134,0.31421,0.3128,0.31295,27722.1,OM,OM
2025-06-05 04:29:59,0.31306,0.31476,0.31294,0.31384,5809.4,OM,OM
2025-06-05 04:59:59,0.31296,0.31345,0.31288,0.313,4108.4,OM,OM
2025-06-05 05:29:59,0.31336,0.31351,0.30856,0.30868,25630.3,OM,OM
2025-06-05 05:59:59,0.30831,0.30876,0.30751,0.30829,47205.2,OM,OM
2025-06-05 06:29:59,0.30843,0.30979,0.30822,0.30977,80253.7,OM,OM
2025-06-05 06:59:59,0.3097,0.3097,0.30796,0.30827,6657.9,OM,OM
2025-06-05 07:29:59,0.30843,0.31199,0.30839,0.31199,17807.3,OM,OM
2025-06-05 07:59:59,0.31137,0.31144,0.30882,0.3097,7969.5,OM,OM
2025-06-05 08:29:59,0.30974,0.31017,0.30846,0.30976,6029.4,OM,OM
2025-06-05 08:59:59,0.30952,0.31037,0.309,0.30993,7799.6,OM,OM
2025-06-05 09:29:59,0.31025,0.31169,0.31025,0.31108,11193.7,OM,OM
2025-06-05 09:59:59,0.3111,0.31233,0.31088,0.31132,85288.1,OM,OM
2025-06-05 10:29:59,0.31117,0.31136,0.30806,0.30806,14319.5,OM,OM
2025-06-05 10:59:59,0.30806,0.30892,0.3068,0.30817,9234.2,OM,OM
2025-06-05 11:29:59,0.30846,0.30872,0.30771,0.30872,11326.0,OM,OM
2025-06-05 11:59:59,0.30855,0.30909,0.30844,0.30893,4001.5,OM,OM
2025-06-05 12:29:59,0.30881,0.31242,0.30876,0.31242,21676.5,OM,OM
2025-06-05 12:59:59,0.31214,0.31431,0.31211,0.31321,61289.2,OM,OM
2025-06-05 13:29:59,0.31268,0.31321,0.31146,0.31269,10331.8,OM,OM
2025-06-05 13:59:59,0.31251,0.31251,0.30702,0.30749,15735.9,OM,OM
2025-06-05 14:29:59,0.30884,0.30924,0.30388,0.308,78416.8,OM,OM
2025-06-05 14:59:59,0.30762,0.31194,0.30753,0.31069,4671.0,OM,OM
2025-06-05 15:29:59,0.31051,0.31184,0.31001,0.31183,6955.9,OM,OM
2025-06-05 15:59:59,0.31205,0.3125,0.31167,0.31216,2384.5,OM,OM
2025-06-05 16:29:59,0.31198,0.31198,0.30644,0.30679,18070.9,OM,OM
2025-06-05 16:59:59,0.30725,0.30742,0.30588,0.30712,162835.3,OM,OM
2025-06-05 17:29:59,0.30753,0.30857,0.30701,0.30741,5871.0,OM,OM
2025-06-05 17:59:59,0.30742,0.30742,0.30586,0.3066,7938.4,OM,OM
2025-06-05 18:29:59,0.30631,0.30713,0.30306,0.30531,33849.2,OM,OM
2025-06-05 18:59:59,0.30542,0.30606,0.30321,0.30332,17690.1,OM,OM
2025-06-05 19:29:59,0.30293,0.30315,0.28712,0.29334,1321412.6,OM,OM
2025-06-05 19:59:59,0.29348,0.29569,0.29231,0.2928,88047.5,OM,OM
2025-06-05 20:29:59,0.29276,0.29337,0.28071,0.2859,493462.6,OM,OM
2025-06-05 20:59:59,0.286,0.28623,0.27792,0.27792,96968.9,OM,OM
2025-06-05 21:29:59,0.27865,0.28252,0.27731,0.28152,55894.8,OM,OM
2025-06-05 21:59:59,0.28091,0.28439,0.28091,0.28322,37852.2,OM,OM
2025-06-05 22:29:59,0.28221,0.28269,0.27992,0.28196,22953.0,OM,OM
2025-06-05 22:59:59,0.28222,0.28503,0.28222,0.28368,349643.8,OM,OM
2025-06-05 23:29:59,0.28382,0.28408,0.28152,0.28246,10761.5,OM,OM
2025-06-05 23:59:59,0.28178,0.2831,0.28066,0.28148,31642.2,OM,OM
2025-06-06 00:29:59,0.28099,0.28119,0.27885,0.28119,31240.3,OM,OM
2025-06-06 00:59:59,0.28225,0.2828,0.28052,0.28236,24062.3,OM,OM
2025-06-06 01:29:59,0.28277,0.28475,0.28263,0.28374,20945.5,OM,OM
2025-06-06 01:59:59,0.28349,0.28391,0.28262,0.28391,11541.9,OM,OM
2025-06-06 02:29:59,0.28317,0.28329,0.28065,0.28085,8501.5,OM,OM
2025-06-06 02:59:59,0.28058,0.28317,0.28053,0.28315,10206.7,OM,OM
2025-06-06 03:29:59,0.28282,0.28302,0.28098,0.28284,19711.8,OM,OM
2025-06-06 03:59:59,0.28299,0.28581,0.2828,0.28544,15781.8,OM,OM
2025-06-06 04:29:59,0.28513,0.28651,0.28404,0.28404,8356.3,OM,OM
2025-06-06 04:59:59,0.28446,0.28694,0.28446,0.28573,9505.4,OM,OM
2025-06-06 05:29:59,0.28605,0.28705,0.28493,0.28529,144687.2,OM,OM
2025-06-06 05:59:59,0.28576,0.28863,0.28552,0.28849,7206.0,OM,OM
2025-06-06 06:29:59,0.28843,0.2923,0.28831,0.29122,36886.8,OM,OM
2025-06-06 06:59:59,0.29091,0.29224,0.28948,0.29092,18622.0,OM,OM
2025-06-06 07:29:59,0.2909,0.29312,0.2909,0.29302,5443.4,OM,OM
2025-06-06 07:59:59,0.29305,0.29329,0.28973,0.29022,189105.3,OM,OM
2025-06-06 08:29:59,0.2907,0.29213,0.28987,0.29182,46550.6,OM,OM
2025-06-06 08:59:59,0.29247,0.29401,0.29183,0.29309,126952.3,OM,OM
2025-06-06 09:29:59,0.29319,0.29597,0.29319,0.29545,16659.2,OM,OM
2025-06-06 09:59:59,0.29524,0.29835,0.29454,0.29498,9499.6,OM,OM
2025-06-06 10:29:59,0.29489,0.29489,0.29337,0.29463,151520.4,OM,OM
2025-06-06 10:59:59,0.29433,0.29502,0.29392,0.29407,3876.9,OM,OM
2025-06-06 11:29:59,0.29383,0.29744,0.2938,0.29633,11139.0,OM,OM
2025-06-06 11:59:59,0.29512,0.29524,0.29332,0.29414,5814.2,OM,OM
2025-06-06 12:29:59,0.29415,0.29508,0.29384,0.29465,4619.6,OM,OM
2025-06-06 12:59:59,0.29537,0.2989,0.29537,0.29635,159430.3,OM,OM
2025-06-06 13:29:59,0.29637,0.29892,0.29632,0.29785,20165.2,OM,OM
2025-06-06 13:59:59,0.29931,0.30196,0.29906,0.29935,412950.0,OM,OM
2025-06-06 14:29:59,0.29891,0.30051,0.29802,0.30051,31681.2,OM,OM
2025-06-06 14:59:59,0.30045,0.3013,0.29875,0.30076,12253.5,OM,OM
2025-06-06 15:29:59,0.30067,0.30234,0.29996,0.30135,5895.0,OM,OM
2025-06-06 15:59:59,0.30045,0.30111,0.29866,0.30074,123144.6,OM,OM
2025-06-06 16:29:59,0.30073,0.30332,0.30073,0.30202,21616.0,OM,OM
2025-06-06 16:59:59,0.30206,0.3025,0.29916,0.29952,18323.5,OM,OM
2025-06-06 17:29:59,0.3,0.30043,0.2985,0.29887,14997.6,OM,OM
2025-06-06 17:59:59,0.29857,0.29897,0.29773,0.29892,7287.0,OM,OM
2025-06-06 18:29:59,0.29876,0.29915,0.29509,0.29509,18972.9,OM,OM
2025-06-06 18:59:59,0.29504,0.29664,0.29504,0.29606,3874.0,OM,OM
2025-06-06 19:29:59,0.29711,0.29848,0.29669,0.29807,7327.5,OM,OM
2025-06-06 19:59:59,0.29843,0.30096,0.29803,0.30029,4588.9,OM,OM
2025-06-06 20:29:59,0.30105,0.30385,0.29996,0.30385,20106.9,OM,OM
2025-06-06 20:59:59,0.30404,0.3085,0.30404,0.30443,19226.8,OM,OM
2025-06-06 21:29:59,0.30487,0.30487,0.3,0.3007,130865.5,OM,OM
2025-06-06 21:59:59,0.30055,0.30092,0.29883,0.29893,6939.7,OM,OM
2025-06-06 22:29:59,0.29888,0.2992,0.29721,0.2992,12920.6,OM,OM
2025-06-06 22:59:59,0.29946,0.29947,0.2974,0.29845,12925.2,OM,OM
2025-06-06 23:29:59,0.29908,0.29908,0.29718,0.29777,7294.5,OM,OM
2025-06-06 23:59:59,0.29769,0.29849,0.29729,0.29758,33581.3,OM,OM
2025-06-07 00:29:59,0.29762,0.29891,0.2969,0.29814,344586.0,OM,OM
2025-06-07 00:59:59,0.29804,0.30022,0.29804,0.30007,5278.0,OM,OM
2025-06-07 01:29:59,0.3004,0.30123,0.29931,0.29966,20209.0,OM,OM
2025-06-07 01:59:59,0.29979,0.3002,0.29908,0.29951,7135.2,OM,OM
2025-06-07 02:29:59,0.29956,0.30162,0.2995,0.30162,7977.5,OM,OM
2025-06-07 02:59:59,0.30157,0.3034,0.3014,0.3034,9540.2,OM,OM
2025-06-07 03:29:59,0.30342,0.30504,0.30322,0.30355,108978.8,OM,OM
2025-06-07 03:59:59,0.30297,0.30513,0.30275,0.30513,8581.4,OM,OM
2025-06-07 04:29:59,0.30522,0.3057,0.30461,0.30474,3389.5,OM,OM
2025-06-07 04:59:59,0.30412,0.30695,0.30409,0.30695,4868.1,OM,OM
2025-06-07 05:29:59,0.30734,0.30734,0.30468,0.3054,2557.9,OM,OM
2025-06-07 05:59:59,0.30506,0.30593,0.3047,0.30532,6802.8,OM,OM
2025-06-07 06:29:59,0.30546,0.30552,0.30422,0.30422,2711.2,OM,OM
2025-06-07 06:59:59,0.30402,0.30554,0.30402,0.30529,53204.1,OM,OM
2025-06-07 07:29:59,0.30479,0.30642,0.30479,0.30624,25275.1,OM,OM
2025-06-07 07:59:59,0.30552,0.30685,0.30543,0.30637,207938.9,OM,OM
2025-06-07 08:29:59,0.30634,0.307,0.30552,0.30621,8197.7,OM,OM
2025-06-07 08:59:59,0.30662,0.30662,0.30398,0.30421,11657.5,OM,OM
2025-06-07 09:29:59,0.30406,0.30435,0.30333,0.30435,3580.6,OM,OM
2025-06-07 09:59:59,0.30405,0.30405,0.30313,0.30334,2842.8,OM,OM
2025-06-07 10:29:59,0.30326,0.30593,0.30312,0.30553,26534.0,OM,OM
2025-06-07 10:59:59,0.30558,0.30558,0.30429,0.30483,12292.4,OM,OM
2025-06-07 11:29:59,0.3049,0.3056,0.30451,0.30521,4094.9,OM,OM
2025-06-07 11:59:59,0.30501,0.30501,0.30411,0.3046,6121.8,OM,OM
2025-06-07 12:29:59,0.30458,0.30686,0.30458,0.30642,5148.7,OM,OM
2025-06-07 12:59:59,0.30644,0.3086,0.30644,0.30762,7371.1,OM,OM
2025-06-07 13:29:59,0.30689,0.30957,0.30689,0.30878,1842.2,OM,OM
2025-06-07 13:59:59,0.30881,0.31023,0.30685,0.30685,5418.8,OM,OM
2025-06-07 14:29:59,0.30706,0.30821,0.30685,0.30765,5321.3,OM,OM
2025-06-07 14:59:59,0.30776,0.30825,0.30688,0.30688,2284.1,OM,OM
2025-06-07 15:29:59,0.30665,0.30885,0.30665,0.30726,9570.5,OM,OM
2025-06-07 15:59:59,0.30733,0.30745,0.30538,0.30634,4113.1,OM,OM
2025-06-07 16:29:59,0.3062,0.30647,0.30553,0.30592,3741.9,OM,OM
2025-06-07 16:59:59,0.30517,0.30533,0.30364,0.30364,1171.0,OM,OM
2025-06-07 17:29:59,0.3039,0.30474,0.30388,0.30426,2340.2,OM,OM
2025-06-07 17:59:59,0.30443,0.30444,0.30268,0.30319,5960.6,OM,OM
2025-06-07 18:29:59,0.30336,0.30481,0.30336,0.30445,1062.7,OM,OM
2025-06-07 18:59:59,0.30418,0.30418,0.3029,0.3029,4078.0,OM,OM
2025-06-07 19:29:59,0.30317,0.30448,0.30317,0.3042,9442.9,OM,OM
2025-06-07 19:59:59,0.30421,0.30421,0.30277,0.30339,119055.8,OM,OM
2025-06-07 20:29:59,0.30325,0.30341,0.30176,0.30283,23376.3,OM,OM
2025-06-07 20:59:59,0.30237,0.30321,0.30186,0.30321,8271.5,OM,OM
2025-06-07 21:29:59,0.30349,0.30432,0.30285,0.30414,2970.9,OM,OM
2025-06-07 21:59:59,0.30425,0.30425,0.30312,0.30349,11765.8,OM,OM
2025-06-07 22:29:59,0.30364,0.30383,0.3026,0.30321,13548.2,OM,OM
2025-06-07 22:59:59,0.30318,0.30488,0.30294,0.30425,101953.4,OM,OM
2025-06-07 23:29:59,0.30413,0.30413,0.3023,0.30356,6183.0,OM,OM
2025-06-07 23:59:59,0.30381,0.30381,0.30282,0.30311,5615.2,OM,OM
2025-06-08 00:29:59,0.30317,0.30327,0.30181,0.30243,6927.3,OM,OM
2025-06-08 00:59:59,0.30251,0.30304,0.3017,0.30261,56475.4,OM,OM
2025-06-08 01:29:59,0.30183,0.30318,0.30157,0.303,3816.8,OM,OM
2025-06-08 01:59:59,0.30288,0.30465,0.30288,0.30405,151993.4,OM,OM
2025-06-08 02:29:59,0.30418,0.30457,0.30372,0.30375,2276.9,OM,OM
2025-06-08 02:59:59,0.30374,0.30406,0.30288,0.30307,1593.4,OM,OM
2025-06-08 03:29:59,0.30292,0.30395,0.30263,0.3037,3886.7,OM,OM
2025-06-08 03:59:59,0.30358,0.30474,0.30289,0.30401,4944.3,OM,OM
2025-06-08 04:29:59,0.30359,0.3048,0.30359,0.30399,4332.9,OM,OM
2025-06-08 04:59:59,0.30413,0.30597,0.30413,0.30562,2212.8,OM,OM
2025-06-08 05:29:59,0.30579,0.30579,0.30384,0.3045,4071.2,OM,OM
2025-06-08 05:59:59,0.3044,0.30476,0.30273,0.30297,69484.8,OM,OM
2025-06-08 06:29:59,0.3028,0.3047,0.3028,0.30466,3521.1,OM,OM
2025-06-08 06:59:59,0.30453,0.30527,0.30352,0.30359,5843.6,OM,OM
2025-06-08 07:29:59,0.30378,0.30441,0.30359,0.3036,7669.1,OM,OM
2025-06-08 07:59:59,0.30403,0.30424,0.30166,0.30199,101777.7,OM,OM
2025-06-08 08:29:59,0.30168,0.30254,0.30143,0.30201,179796.1,OM,OM
2025-06-08 08:59:59,0.30203,0.30308,0.30194,0.30209,55652.9,OM,OM
2025-06-08 09:29:59,0.30211,0.30278,0.30049,0.3015,100425.5,OM,OM
2025-06-08 09:59:59,0.30148,0.30204,0.30099,0.30177,26802.2,OM,OM
2025-06-08 10:29:59,0.30177,0.30177,0.30177,0.30177,0.0,OM,OM
2025-06-08 10:59:59,0.30163,0.3017,0.30068,0.30126,198316.3,OM,OM
2025-06-08 11:29:59,0.30126,0.30316,0.30126,0.30314,95631.3,OM,OM
2025-06-08 11:59:59,0.3033,0.3045,0.30273,0.30424,70476.5,OM,OM
2025-06-08 12:29:59,0.30424,0.30451,0.30288,0.30318,111286.1,OM,OM
2025-06-08 12:59:59,0.30312,0.30413,0.30275,0.30413,89312.9,OM,OM
2025-06-08 13:29:59,0.30412,0.30517,0.30399,0.30517,49259.2,OM,OM
2025-06-08 13:59:59,0.30515,0.30639,0.30469,0.30469,50458.8,OM,OM
2025-06-08 14:29:59,0.30492,0.30518,0.3041,0.3041,12586.8,OM,OM
2025-06-08 14:59:59,0.30436,0.30492,0.30398,0.30492,994.5,OM,OM
2025-06-08 15:29:59,0.30491,0.30646,0.30473,0.30562,1761.1,OM,OM
2025-06-08 15:59:59,0.30597,0.30597,0.30441,0.30454,1402.8,OM,OM
2025-06-08 16:29:59,0.30426,0.30569,0.30426,0.30506,1143.4,OM,OM
2025-06-08 16:59:59,0.30492,0.30573,0.30463,0.3048,1778.4,OM,OM
2025-06-08 17:29:59,0.30479,0.30603,0.30445,0.3045,1618.9,OM,OM
2025-06-08 17:59:59,0.30432,0.30584,0.30401,0.30401,1058.7,OM,OM
2025-06-08 18:29:59,0.30371,0.30374,0.30289,0.30308,987.7,OM,OM
2025-06-08 18:59:59,0.30306,0.30333,0.30254,0.30286,7786.1,OM,OM
2025-06-08 19:29:59,0.30318,0.30345,0.30285,0.30285,64031.3,OM,OM
2025-06-08 19:59:59,0.30264,0.30274,0.30143,0.30154,95677.8,OM,OM
2025-06-08 20:29:59,0.30157,0.30298,0.3014,0.30298,103167.6,OM,OM
2025-06-08 20:59:59,0.3029,0.30313,0.30194,0.3023,7950.2,OM,OM
2025-06-08 21:29:59,0.30249,0.30389,0.30249,0.3034,66084.9,OM,OM
2025-06-08 21:59:59,0.30336,0.30453,0.30276,0.30372,7758.8,OM,OM
2025-06-08 22:29:59,0.3033,0.3033,0.30043,0.30074,4390.1,OM,OM
2025-06-08 22:59:59,0.30041,0.30084,0.29876,0.29885,62787.1,OM,OM
2025-06-08 23:29:59,0.29812,0.29948,0.29774,0.29938,54675.0,OM,OM
2025-06-08 23:59:59,0.29935,0.29965,0.29863,0.29909,1248.6,OM,OM
2025-06-09 00:29:59,0.29923,0.30014,0.29826,0.29921,7091.4,OM,OM
2025-06-09 00:59:59,0.29938,0.30067,0.29818,0.29979,6707.9,OM,OM
2025-06-09 01:29:59,0.30008,0.30176,0.29934,0.30176,6525.4,OM,OM
2025-06-09 01:59:59,0.30183,0.30269,0.30074,0.3009,13778.5,OM,OM
2025-06-09 02:29:59,0.30046,0.30291,0.29941,0.30289,11010.4,OM,OM
2025-06-09 02:59:59,0.30289,0.30289,0.30063,0.30187,38559.8,OM,OM
2025-06-09 03:29:59,0.30153,0.30226,0.30063,0.30216,8768.4,OM,OM
2025-06-09 03:59:59,0.30153,0.30186,0.29899,0.30117,16628.9,OM,OM
2025-06-09 04:29:59,0.30117,0.30303,0.30051,0.30188,69470.6,OM,OM
2025-06-09 04:59:59,0.30181,0.30284,0.30079,0.30097,2202.9,OM,OM
2025-06-09 05:29:59,0.30098,0.30124,0.29913,0.29942,6228.7,OM,OM
2025-06-09 05:59:59,0.29926,0.29946,0.29819,0.29859,10731.6,OM,OM
2025-06-09 06:29:59,0.29855,0.29875,0.2969,0.29845,4353.5,OM,OM
2025-06-09 06:59:59,0.29852,0.30013,0.29794,0.29991,2453.1,OM,OM
2025-06-09 07:29:59,0.2998,0.30013,0.29826,0.29846,724.1,OM,OM
2025-06-09 07:59:59,0.29806,0.29874,0.29754,0.29792,908.4,OM,OM
2025-06-09 08:29:59,0.29854,0.30027,0.2984,0.29863,12116.1,OM,OM
2025-06-09 08:59:59,0.29806,0.3005,0.29806,0.30025,1603.1,OM,OM
2025-06-09 09:29:59,0.29928,0.30128,0.29928,0.30128,4410.6,OM,OM
2025-06-09 09:59:59,0.30164,0.30349,0.30158,0.30264,9944.9,OM,OM
2025-06-09 10:29:59,0.30266,0.30444,0.30237,0.30395,14187.8,OM,OM
2025-06-09 10:59:59,0.30415,0.30428,0.30327,0.30339,13076.2,OM,OM
2025-06-09 11:29:59,0.3038,0.30433,0.30319,0.30429,7089.7,OM,OM
2025-06-09 11:59:59,0.30417,0.3047,0.30297,0.30326,25085.0,OM,OM
2025-06-09 12:29:59,0.30379,0.305,0.30364,0.30469,24743.4,OM,OM
2025-06-09 12:59:59,0.30463,0.3053,0.30462,0.30497,126939.7,OM,OM
2025-06-09 13:29:59,0.3052,0.3052,0.30309,0.30309,7907.7,OM,OM
2025-06-09 13:59:59,0.30346,0.30376,0.29949,0.29996,113360.7,OM,OM
2025-06-09 14:29:59,0.30016,0.30045,0.29878,0.29979,262232.4,OM,OM
2025-06-09 14:59:59,0.29986,0.30062,0.29923,0.30001,396355.6,OM,OM
2025-06-09 15:29:59,0.29984,0.30141,0.2996,0.3012,511300.7,OM,OM
2025-06-09 15:59:59,0.30119,0.30146,0.29946,0.29946,320008.5,OM,OM
2025-06-09 16:29:59,0.29957,0.30202,0.29957,0.30184,17009.2,OM,OM
2025-06-09 16:59:59,0.30235,0.30267,0.30064,0.30064,8228.4,OM,OM
2025-06-09 17:29:59,0.3008,0.30227,0.30066,0.30204,276031.4,OM,OM
2025-06-09 17:59:59,0.3016,0.30345,0.3016,0.30277,960414.7,OM,OM
2025-06-09 18:29:59,0.30266,0.30309,0.30131,0.30133,229673.1,OM,OM
2025-06-09 18:59:59,0.30119,0.30153,0.29966,0.30095,26022.5,OM,OM
2025-06-09 19:29:59,0.301,0.30126,0.30036,0.3009,25158.1,OM,OM
2025-06-09 19:59:59,0.30102,0.30102,0.2981,0.29904,95124.3,OM,OM
2025-06-09 20:29:59,0.29905,0.30066,0.29885,0.30066,15695.9,OM,OM
2025-06-09 20:59:59,0.30056,0.30099,0.30021,0.30099,81199.3,OM,OM
2025-06-09 21:29:59,0.30125,0.3086,0.30125,0.3086,140613.1,OM,OM
2025-06-09 21:59:59,0.30823,0.30838,0.30578,0.30683,5834.7,OM,OM
2025-06-09 22:29:59,0.30703,0.30824,0.30624,0.30821,2118.9,OM,OM
2025-06-09 22:59:59,0.30817,0.30924,0.30803,0.30924,3208.8,OM,OM
2025-06-09 23:29:59,0.30927,0.30945,0.30796,0.30888,12706.0,OM,OM
2025-06-09 23:59:59,0.30888,0.31069,0.30864,0.31006,7096.3,OM,OM
2025-06-10 00:29:59,0.31014,0.31077,0.30885,0.31068,2040.6,OM,OM
2025-06-10 00:59:59,0.31157,0.31226,0.30885,0.30953,79982.0,OM,OM
2025-06-10 01:29:59,0.30938,0.30954,0.3086,0.30912,8487.9,OM,OM
2025-06-10 01:59:59,0.30883,0.30937,0.30803,0.30844,6420.3,OM,OM
2025-06-10 02:29:59,0.30836,0.30836,0.3057,0.3073,7295.0,OM,OM
2025-06-10 02:59:59,0.30729,0.30846,0.30729,0.30827,2717.8,OM,OM
2025-06-10 03:29:59,0.30872,0.30873,0.30716,0.30725,4736.2,OM,OM
2025-06-10 03:59:59,0.30779,0.30908,0.30652,0.30751,17306.2,OM,OM
2025-06-10 04:29:59,0.30816,0.30816,0.30517,0.30538,19567.8,OM,OM
2025-06-10 04:59:59,0.30546,0.30619,0.30477,0.30619,63224.4,OM,OM
2025-06-10 05:29:59,0.30579,0.30736,0.30512,0.30512,159230.7,OM,OM
2025-06-10 05:59:59,0.30516,0.30578,0.30372,0.30475,19407.2,OM,OM
2025-06-10 06:29:59,0.30339,0.3043,0.30253,0.3043,3664.6,OM,OM
2025-06-10 06:59:59,0.30413,0.30615,0.30413,0.30546,1974.4,OM,OM
2025-06-10 07:29:59,0.30522,0.30672,0.30382,0.30627,11071.3,OM,OM
2025-06-10 07:59:59,0.30692,0.3075,0.30544,0.30609,181198.6,OM,OM
2025-06-10 08:29:59,0.30564,0.30624,0.30514,0.30592,1792.9,OM,OM
2025-06-10 08:59:59,0.3065,0.3065,0.30434,0.30434,726.9,OM,OM
2025-06-10 09:29:59,0.3042,0.30713,0.3042,0.30577,819.2,OM,OM
2025-06-10 09:59:59,0.30609,0.30777,0.30609,0.30777,19970.6,OM,OM
2025-06-10 10:29:59,0.30731,0.30768,0.30634,0.30634,10511.1,OM,OM
2025-06-10 10:59:59,0.30633,0.3076,0.30516,0.30734,3683.8,OM,OM
2025-06-10 11:29:59,0.30713,0.31021,0.3052,0.31021,334229.5,OM,OM
2025-06-10 11:59:59,0.30972,0.31313,0.30972,0.31225,161504.6,OM,OM
2025-06-10 12:29:59,0.31249,0.31316,0.31046,0.31223,22757.7,OM,OM
2025-06-10 12:59:59,0.31217,0.3145,0.31179,0.3145,40840.6,OM,OM
2025-06-10 13:29:59,0.31443,0.31508,0.31283,0.31283,81548.7,OM,OM
2025-06-10 13:59:59,0.31303,0.31314,0.30698,0.31007,59580.2,OM,OM
2025-06-10 14:29:59,0.31057,0.31152,0.30933,0.3095,4963.4,OM,OM
2025-06-10 14:59:59,0.30905,0.30905,0.3057,0.3057,12835.7,OM,OM
2025-06-10 15:29:59,0.3058,0.30826,0.3052,0.30763,10238.7,OM,OM
2025-06-10 15:59:59,0.30652,0.30805,0.30328,0.30765,41321.5,OM,OM
2025-06-10 16:29:59,0.30762,0.3088,0.30625,0.30768,11127.2,OM,OM
2025-06-10 16:59:59,0.30731,0.30731,0.30461,0.30461,1802.2,OM,OM
2025-06-10 17:29:59,0.30471,0.30704,0.30414,0.30414,3409.8,OM,OM
2025-06-10 17:59:59,0.30391,0.30488,0.30299,0.30299,2592.8,OM,OM
2025-06-10 18:29:59,0.3028,0.30496,0.30253,0.30484,5609.1,OM,OM
2025-06-10 18:59:59,0.30442,0.30886,0.30429,0.30856,6604.3,OM,OM
2025-06-10 19:29:59,0.30892,0.3099,0.30862,0.30943,6300.7,OM,OM
2025-06-10 19:59:59,0.30958,0.31125,0.3058,0.30725,15920.3,OM,OM
2025-06-10 20:29:59,0.30632,0.30673,0.30402,0.30573,5263.9,OM,OM
2025-06-10 20:59:59,0.30539,0.30777,0.3052,0.30743,3508.7,OM,OM
2025-06-10 21:29:59,0.30763,0.30763,0.30502,0.30758,16670.8,OM,OM
2025-06-10 21:59:59,0.3073,0.30819,0.30653,0.30753,2134.6,OM,OM
2025-06-10 22:29:59,0.3072,0.3112,0.3072,0.31068,6600.0,OM,OM
2025-06-10 22:59:59,0.31135,0.31142,0.30909,0.3109,9134.7,OM,OM
2025-06-10 23:29:59,0.3106,0.31115,0.30861,0.30861,8544.2,OM,OM
2025-06-10 23:59:59,0.30956,0.31129,0.30956,0.31117,8194.9,OM,OM
2025-06-11 00:29:59,0.3116,0.31974,0.31102,0.31974,119330.8,OM,OM
2025-06-11 00:59:59,0.31954,0.32271,0.30892,0.3115,106176.0,OM,OM
2025-06-11 01:29:59,0.31158,0.31158,0.30773,0.30883,19253.9,OM,OM
2025-06-11 01:59:59,0.30696,0.30702,0.3057,0.306,10114.8,OM,OM
2025-06-11 02:29:59,0.30642,0.30761,0.30478,0.30502,1133.9,OM,OM
2025-06-11 02:59:59,0.3048,0.30577,0.30332,0.30491,49442.5,OM,OM
2025-06-11 03:29:59,0.3048,0.30733,0.30458,0.30713,4770.3,OM,OM
2025-06-11 03:59:59,0.30721,0.30846,0.30716,0.30821,33110.5,OM,OM
2025-06-11 04:29:59,0.30816,0.30889,0.30623,0.30679,2954.4,OM,OM
2025-06-11 04:59:59,0.30658,0.307,0.30402,0.30431,19199.0,OM,OM
2025-06-11 05:29:59,0.30377,0.30569,0.30364,0.30561,37909.6,OM,OM
2025-06-11 05:59:59,0.30514,0.30625,0.30425,0.30551,2818.5,OM,OM
2025-06-11 06:29:59,0.3056,0.30686,0.3056,0.30648,21422.6,OM,OM
2025-06-11 06:59:59,0.30642,0.30642,0.30478,0.3052,17070.2,OM,OM
2025-06-11 07:29:59,0.30553,0.30662,0.30391,0.30617,2676.5,OM,OM
2025-06-11 07:59:59,0.30567,0.30595,0.30455,0.30477,181116.3,OM,OM
2025-06-11 08:29:59,0.30459,0.30611,0.3042,0.3042,2461.1,OM,OM
2025-06-11 08:59:59,0.30441,0.3051,0.30407,0.30447,7609.9,OM,OM
2025-06-11 09:29:59,0.30428,0.30518,0.30368,0.30421,146906.3,OM,OM
2025-06-11 09:59:59,0.3038,0.30393,0.29956,0.30021,78508.0,OM,OM
2025-06-11 10:29:59,0.30047,0.30052,0.29704,0.2999,59349.7,OM,OM
2025-06-11 10:59:59,0.30012,0.30109,0.29915,0.30046,3412.7,OM,OM
2025-06-11 11:29:59,0.3003,0.30032,0.29814,0.29874,13864.9,OM,OM
2025-06-11 11:59:59,0.29942,0.30003,0.29774,0.29898,102011.7,OM,OM
2025-06-11 12:29:59,0.29883,0.30019,0.29752,0.29867,40990.7,OM,OM
2025-06-11 12:59:59,0.29933,0.30392,0.29933,0.30234,166073.0,OM,OM
2025-06-11 13:29:59,0.30245,0.30262,0.30113,0.30196,53065.0,OM,OM
2025-06-11 13:59:59,0.30164,0.30164,0.29924,0.3001,107623.5,OM,OM
2025-06-11 14:29:59,0.30096,0.30338,0.30054,0.30252,13773.8,OM,OM
2025-06-11 14:59:59,0.30273,0.30353,0.30113,0.30139,107522.8,OM,OM
2025-06-11 15:29:59,0.30131,0.30224,0.30039,0.30128,6527.4,OM,OM
2025-06-11 15:59:59,0.30156,0.30388,0.30156,0.30284,5377.4,OM,OM
2025-06-11 16:29:59,0.30366,0.30369,0.30123,0.30355,13575.9,OM,OM
2025-06-11 16:59:59,0.30336,0.30432,0.30309,0.30386,2713.6,OM,OM
2025-06-11 17:29:59,0.30338,0.30413,0.30241,0.30403,36043.9,OM,OM
2025-06-11 17:59:59,0.30412,0.30416,0.29935,0.2994,442479.2,OM,OM
2025-06-11 18:29:59,0.29936,0.29959,0.2905,0.29302,204418.2,OM,OM
2025-06-11 18:59:59,0.29303,0.29655,0.29254,0.29427,29145.7,OM,OM
2025-06-11 19:29:59,0.29387,0.29481,0.29353,0.29431,10702.2,OM,OM
2025-06-11 19:59:59,0.29366,0.29387,0.29302,0.29324,14328.0,OM,OM
2025-06-11 20:29:59,0.2933,0.29559,0.29225,0.29522,9670.7,OM,OM
2025-06-11 20:59:59,0.2952,0.2952,0.29406,0.29434,1410.2,OM,OM
2025-06-11 21:29:59,0.2945,0.29691,0.29438,0.29438,7914.9,OM,OM
2025-06-11 21:59:59,0.29443,0.29443,0.28771,0.28864,511746.5,OM,OM
2025-06-11 22:29:59,0.28733,0.2892,0.28502,0.28651,22717.7,OM,OM
2025-06-11 22:59:59,0.28594,0.28727,0.2852,0.28673,9810.6,OM,OM
2025-06-11 23:29:59,0.2868,0.28983,0.2868,0.28948,3225.5,OM,OM
2025-06-11 23:59:59,0.28942,0.29087,0.28942,0.29062,7683.4,OM,OM
2025-06-12 00:29:59,0.29065,0.29065,0.28923,0.29064,7346.5,OM,OM
2025-06-12 00:59:59,0.28845,0.29132,0.28807,0.29081,12256.7,OM,OM
2025-06-12 01:29:59,0.29081,0.29187,0.28981,0.29052,4690.4,OM,OM
2025-06-12 01:59:59,0.29063,0.29148,0.28877,0.29124,7520.6,OM,OM
2025-06-12 02:29:59,0.29136,0.29194,0.28929,0.2896,4831.3,OM,OM
2025-06-12 02:59:59,0.28975,0.29139,0.28929,0.29074,1483.5,OM,OM
2025-06-12 03:29:59,0.29126,0.29126,0.2879,0.28804,9491.0,OM,OM
2025-06-12 03:59:59,0.28928,0.29025,0.28895,0.28895,1164.9,OM,OM
2025-06-12 04:29:59,0.28874,0.28971,0.28813,0.28917,7047.4,OM,OM
2025-06-12 04:59:59,0.28908,0.28985,0.28838,0.2895,3210.9,OM,OM
2025-06-12 05:29:59,0.28952,0.28987,0.28781,0.28951,15688.5,OM,OM
2025-06-12 05:59:59,0.28946,0.29063,0.28899,0.29016,4116.0,OM,OM
2025-06-12 06:29:59,0.29008,0.29033,0.28855,0.28905,901.9,OM,OM
2025-06-12 06:59:59,0.28978,0.2917,0.28978,0.29157,3010.0,OM,OM
2025-06-12 07:29:59,0.2919,0.2919,0.2891,0.2891,17152.4,OM,OM
2025-06-12 07:59:59,0.28853,0.28981,0.28808,0.28909,1250.1,OM,OM
2025-06-12 08:29:59,0.28845,0.28924,0.28771,0.28891,17987.2,OM,OM
2025-06-12 08:59:59,0.28851,0.2887,0.28622,0.28774,25040.4,OM,OM
2025-06-12 09:29:59,0.28715,0.28787,0.28689,0.28756,3072.8,OM,OM
2025-06-12 09:59:59,0.28757,0.28907,0.28757,0.28786,2250.5,OM,OM
2025-06-12 10:29:59,0.28795,0.28803,0.28468,0.28567,28567.2,OM,OM
2025-06-12 10:59:59,0.28543,0.28633,0.2852,0.28633,19116.9,OM,OM
2025-06-12 11:29:59,0.2862,0.28662,0.28358,0.28358,385544.2,OM,OM
2025-06-12 11:59:59,0.28333,0.28437,0.2822,0.28383,11863.9,OM,OM
2025-06-12 12:29:59,0.28414,0.28452,0.28287,0.28427,217646.3,OM,OM
2025-06-12 12:59:59,0.28458,0.28627,0.28436,0.28467,14780.5,OM,OM
2025-06-12 13:29:59,0.28462,0.28527,0.28395,0.28395,1520.6,OM,OM
2025-06-12 13:59:59,0.28559,0.28613,0.28493,0.28493,2258.7,OM,OM
2025-06-12 14:29:59,0.28581,0.28812,0.28581,0.28753,22826.0,OM,OM
2025-06-12 14:59:59,0.28751,0.28864,0.28742,0.28797,4522.6,OM,OM
2025-06-12 15:29:59,0.28797,0.28856,0.286,0.28609,3531.2,OM,OM
2025-06-12 15:59:59,0.28671,0.28725,0.28118,0.28232,36306.1,OM,OM
2025-06-12 16:29:59,0.28222,0.28614,0.28161,0.28614,32702.7,OM,OM
2025-06-12 16:59:59,0.28537,0.28581,0.28432,0.28473,9837.8,OM,OM
2025-06-12 17:29:59,0.28498,0.28765,0.28475,0.28717,371197.8,OM,OM
2025-06-12 17:59:59,0.28744,0.28747,0.28565,0.28589,29136.6,OM,OM
2025-06-12 18:29:59,0.28588,0.28588,0.28245,0.28262,6248.4,OM,OM
2025-06-12 18:59:59,0.28184,0.28352,0.28062,0.28174,410022.0,OM,OM
2025-06-12 19:29:59,0.28209,0.28263,0.28138,0.28138,27974.2,OM,OM
2025-06-12 19:59:59,0.28099,0.28099,0.27195,0.2744,233255.4,OM,OM
2025-06-12 20:29:59,0.27394,0.27487,0.27275,0.27476,19949.1,OM,OM
2025-06-12 20:59:59,0.27469,0.27469,0.26676,0.26883,96520.7,OM,OM
2025-06-12 21:29:59,0.26858,0.27113,0.26747,0.27113,12595.4,OM,OM
2025-06-12 21:59:59,0.27137,0.27137,0.26976,0.27057,3500.2,OM,OM
2025-06-12 22:29:59,0.26871,0.27014,0.26871,0.26934,1909.3,OM,OM
2025-06-12 22:59:59,0.26819,0.26866,0.2675,0.26776,8628.5,OM,OM
2025-06-12 23:29:59,0.26788,0.26967,0.26765,0.26948,6000.6,OM,OM
2025-06-12 23:59:59,0.26948,0.2706,0.26899,0.26899,60751.0,OM,OM
2025-06-13 00:29:59,0.26925,0.26935,0.25299,0.25627,1618489.8,OM,OM
2025-06-13 00:59:59,0.2561,0.25676,0.24788,0.25291,1454039.7,OM,OM
2025-06-13 01:29:59,0.25222,0.25222,0.24403,0.24791,648837.2,OM,OM
2025-06-13 01:59:59,0.24689,0.2491,0.24403,0.24612,125701.5,OM,OM
2025-06-13 02:29:59,0.24652,0.24652,0.24372,0.24568,23755.4,OM,OM
2025-06-13 02:59:59,0.24551,0.24767,0.24295,0.24591,66246.0,OM,OM
2025-06-13 03:29:59,0.24625,0.25042,0.24625,0.25016,82197.3,OM,OM
2025-06-13 03:59:59,0.25014,0.25252,0.25014,0.25134,138418.7,OM,OM
2025-06-13 04:29:59,0.2511,0.2511,0.24903,0.24986,183180.7,OM,OM
2025-06-13 04:59:59,0.25056,0.25204,0.25056,0.25102,7787.1,OM,OM
2025-06-13 05:29:59,0.25137,0.25245,0.25052,0.25132,6435.8,OM,OM
2025-06-13 05:59:59,0.25117,0.25141,0.24933,0.25064,84394.8,OM,OM
2025-06-13 06:29:59,0.25072,0.25159,0.24796,0.24914,70944.1,OM,OM
2025-06-13 06:59:59,0.25008,0.25257,0.24989,0.25247,22733.7,OM,OM
2025-06-13 07:29:59,0.25198,0.25199,0.25057,0.25198,14596.6,OM,OM
2025-06-13 07:59:59,0.25241,0.25268,0.24951,0.24958,40646.0,OM,OM
2025-06-13 08:29:59,0.24954,0.25258,0.24915,0.25103,46700.2,OM,OM
2025-06-13 08:59:59,0.25164,0.25164,0.24859,0.24958,49705.1,OM,OM
2025-06-13 09:29:59,0.24965,0.24965,0.2483,0.24919,10849.2,OM,OM
2025-06-13 09:59:59,0.249,0.24995,0.24852,0.24893,13787.3,OM,OM
2025-06-13 10:29:59,0.24908,0.24924,0.24698,0.24853,29251.5,OM,OM
2025-06-13 10:59:59,0.24831,0.24979,0.24782,0.24977,151586.0,OM,OM
2025-06-13 11:29:59,0.24979,0.25071,0.24767,0.24801,19145.6,OM,OM
2025-06-13 11:59:59,0.24823,0.25067,0.24774,0.25058,26262.9,OM,OM
2025-06-13 12:29:59,0.2508,0.25268,0.25074,0.2518,38208.0,OM,OM
2025-06-13 12:59:59,0.25199,0.25297,0.2502,0.2503,22111.0,OM,OM
2025-06-13 13:29:59,0.25027,0.25066,0.24925,0.2504,128907.8,OM,OM
2025-06-13 13:59:59,0.25042,0.25272,0.25017,0.25189,589367.9,OM,OM
2025-06-13 14:29:59,0.25218,0.25464,0.2518,0.25357,57991.9,OM,OM
2025-06-13 14:59:59,0.25218,0.2587,0.25218,0.25745,117768.0,OM,OM
2025-06-13 15:29:59,0.25687,0.26021,0.25592,0.2588,66614.0,OM,OM
2025-06-13 15:59:59,0.25896,0.26049,0.2581,0.25865,28719.0,OM,OM
2025-06-13 16:29:59,0.25974,0.26328,0.25974,0.26103,41147.9,OM,OM
2025-06-13 16:59:59,0.26064,0.26075,0.25718,0.25971,16415.7,OM,OM
2025-06-13 17:29:59,0.25994,0.2602,0.25837,0.25837,31586.6,OM,OM
2025-06-13 17:59:59,0.25875,0.25906,0.2574,0.25906,6270.1,OM,OM
2025-06-13 18:29:59,0.26,0.26,0.257,0.25724,7346.5,OM,OM
2025-06-13 18:59:59,0.25693,0.25767,0.25572,0.25651,20808.4,OM,OM
2025-06-13 19:29:59,0.25549,0.25633,0.25428,0.25443,12422.6,OM,OM
2025-06-13 19:59:59,0.25545,0.25587,0.25466,0.25498,8055.5,OM,OM
2025-06-13 20:29:59,0.25527,0.25743,0.25477,0.25654,7035.7,OM,OM
2025-06-13 20:59:59,0.25678,0.25885,0.25596,0.25795,5257.0,OM,OM
2025-06-13 21:29:59,0.25818,0.26001,0.25766,0.26001,1153.4,OM,OM
2025-06-13 21:59:59,0.25968,0.26033,0.25857,0.25888,161320.9,OM,OM
2025-06-13 22:29:59,0.25906,0.26078,0.25906,0.25985,5723.4,OM,OM
2025-06-13 22:59:59,0.25924,0.2597,0.2584,0.25949,2174.3,OM,OM
2025-06-13 23:29:59,0.25945,0.26189,0.25945,0.26148,6137.1,OM,OM
2025-06-13 23:59:59,0.26152,0.26195,0.26062,0.26126,68463.0,OM,OM
2025-06-14 00:29:59,0.26135,0.2617,0.25956,0.26048,69148.8,OM,OM
2025-06-14 00:59:59,0.26039,0.26122,0.25972,0.26001,17142.4,OM,OM
2025-06-14 01:29:59,0.25951,0.25957,0.25845,0.25867,6220.7,OM,OM
2025-06-14 01:59:59,0.25845,0.25886,0.25796,0.25812,16536.2,OM,OM
2025-06-14 02:29:59,0.25836,0.25987,0.25805,0.25884,2028.5,OM,OM
2025-06-14 02:59:59,0.2587,0.2596,0.25828,0.25939,1846.1,OM,OM
2025-06-14 03:29:59,0.2599,0.26142,0.2599,0.26142,251.9,OM,OM
2025-06-14 03:59:59,0.2616,0.26382,0.2616,0.26351,5661.4,OM,OM
2025-06-14 04:29:59,0.264,0.26463,0.26225,0.26337,6708.8,OM,OM
2025-06-14 04:59:59,0.26275,0.26449,0.26275,0.2644,10710.8,OM,OM
2025-06-14 05:29:59,0.2645,0.26579,0.26449,0.2654,6831.3,OM,OM
2025-06-14 05:59:59,0.26468,0.26721,0.26444,0.26721,14097.6,OM,OM
2025-06-14 06:29:59,0.26709,0.26933,0.26709,0.26808,41684.5,OM,OM
2025-06-14 06:59:59,0.26819,0.26851,0.26585,0.26599,19534.5,OM,OM
2025-06-14 07:29:59,0.26595,0.26617,0.26475,0.2653,2423.6,OM,OM
2025-06-14 07:59:59,0.26542,0.26819,0.26542,0.26809,24265.2,OM,OM
2025-06-14 08:29:59,0.26781,0.2698,0.26685,0.2698,19335.1,OM,OM
2025-06-14 08:59:59,0.27029,0.27414,0.27029,0.27368,1019911.2,OM,OM
2025-06-14 08:59:59,0.27029,0.27414,0.27029,0.27249,1045461.4,OM,OM
2025-06-14 09:29:59,0.27225,0.27225,0.26944,0.27134,46000.5,OM,OM
